PERMIT_NUMBER,OWNER_NAME,STATUS_CODE,CITY,STREET,STATE,ZIP,ZIP4,COUNTY,PERMIT_EFFECTIVE_DATE,PERMIT_ISSUE_DATE
AK-S-15000,GLACIER CREEK DISTILLERY LLC,Active,WASILLA,1540 N SHORELINE DR ,AK,99654,0,MATANUSKA SUSITNA,9-Sep-08,9-Sep-08
AK-S-20001,"HIGH MARK DISTILLERY, INC.",Active,STERLING,37200  THOMAS ST ,AK,99672,0,Kenai Peninsula Burough,26-Oct-12,26-Oct-12
AR-S-15001,LOMBARDI LLC,Active,NORTH LITTLE ROCK,3021 E BROADWAY ,AR,72114,0,PULASKI,17-Oct-08,24-May-11
AR-S-15002,"PERNOD RICARD USA BOTTLING, LLC",Active,FORT SMITH,7401 HIGHWAY 45 S,AR,72916,9393,SEBASTIAN,1-Apr-11,1-Apr-11
AR-S-15003,"ROCK TOWN DISTILLERY, INC.",Active,LITTLE ROCK,1216 E 6TH ST ,AR,72202,2712,PULASKI,2-Aug-12,5-Nov-12
AR-S-20001,ARKANSAS MOONSHINE INC.,Active,NEWPORT,421  BEECH ST ,AR,72112,3905,Jackson,1-May-12,1-May-12
AZ-S-15002,"ONE FIFTY, INC.",Active,TEMPE,1210 W ALAMEDA DR ,AZ,85282,3340,MARICOPA,21-Aug-06,21-Aug-06
AZ-S-15005,"DESERT DIAMOND DISTILLERY, INC.",Active,KINGMAN,4875 OLYMPIC WAY ,AZ,86401,0,MOHAVE,12-Nov-09,12-Nov-09
AZ-S-15006,SONORAN SPIRITS LLC,Active,PHOENIX,1725 W WILLIAMS DR ,AZ,85027,1332,MARICOPA,18-Jul-12,18-Jul-12
AZ-S-20001,ARIZONA SPIRITS LLC,Active,TEMPE,601  W UNIVERSITY DR ,AZ,85281,0,MARICOPA,7-Jun-12,7-Jun-12
AZ-S-20002,LIPSMARK LLC,Active,TEMPE,5235  S KYRENE RD ,AZ,85283,1780,MARICOPA,20-Aug-12,20-Aug-12
CA-S-117,"FRANK-LIN DISTILLERS PRODUCTS, LTD.",Active,FAIRFIELD,2455 HUNTINGTON  DR ,CA,94533,0,SOLANO,1-May-67,1-May-67
CA-S-125,GIUMARRA VINEYARDS CORPORATION,Active,EDISON,11220 EDISON HWY ,CA,93220,0,KERN,23-Apr-65,23-Apr-65
CA-S-135,VIE-DEL COMPANY,Active,FRESNO,11903 S CHESTNUT AVE ,CA,93725,9618,FRESNO,29-Apr-91,29-Apr-91
CA-S-15001,O'NEILL BEVERAGES CO. LLC,Active,PARLIER,8418 S LAC JAC AVE ,CA,93648,9708,FRESNO,4-Aug-04,17-Nov-04
CA-S-15002,MODERN SPIRITS LLC,Active,LOS ANGELES,2459 E 8TH ST ,CA,90021,0,LOS ANGELES,17-Oct-04,17-Oct-04
CA-S-15004,GEORGE H MONTEVERDI AND MANBIN K MONTEVERDI,Active,NAPA,1794 TANEN ST ,CA,94559,1310,NAPA,24-Feb-05,24-Feb-05
CA-S-15007,HALTER WINERY LLC,Active,PASO ROBLES,8910 ADELAIDA RD ,CA,93446,8798,SAN LUIS OBISPO,17-Aug-05,17-Aug-05
CA-S-15008,"SAVANNAH-CHANELLE VINEYARDS, INC.",Active,SARATOGA,23600 CONGRESS SPRINGS RD ,CA,95070,9755,SANTA CLARA,19-Aug-05,19-Aug-05
CA-S-15009,"MARIAN TRADING, LTD.",Active,FRESNO,2305 N ROLINDA AVE ,CA,93722,0,FRESNO,9-Sep-05,9-Sep-05
CA-S-15010,STAGLIN FAMILY VINEYARD LLC,Active,RUTHERFORD,1570 BELLA OAKS LN ,CA,94573,0,NAPA,30-Aug-05,30-Aug-05
CA-S-15012,"CONSTELLATION BRANDS U.S. OPERATIONS, INC.",Active,GONZALES,800 S ALTA ST ,CA,93926,9501,MONTEREY,1-May-06,5-May-06
CA-S-15013,"BROTHERS INTERNATIONAL DESSERTS, INC.",Active,IRVINE,1682 KETTERING ,CA,92614,5614,ORANGE,27-Mar-06,27-Mar-06
CA-S-15014,"GREENWAY DISTILLERS, INC",Active,UKIAH,5000 LOW GAP RD ,CA,95482,0,MENDOCINO,4-May-06,4-May-06
CA-S-15018,"FOG'S END DISTILLERY, LLC",Active,GONZALES,425 ALTA ST ,CA,93926,0,MONTEREY,14-Apr-09,14-Apr-09
CA-S-15020,"LAVA SPRINGS, INC.",Active,PLACERVILLE,2221 FRUITRIDGE RD ,CA,95667,3700,EL DORADO,2-Mar-07,2-Mar-07
CA-S-15022,"SPOTTSWOODE WINERY, INC.",Active,SAINT HELENA,1902 MADRONA AVE ,CA,94574,2354,NAPA,8-Aug-06,8-Aug-06
CA-S-15023,G. ROTTIE ENTERTAINMENT INC.,Active,HAWTHORNE,3822 W 139TH ST ,CA,90250,7470,LOS ANGELES,22-Mar-07,22-Mar-07
CA-S-15025,"PINE RIDGE WINERY, LLC",Active,NAPA,5901 SILVERADO TRL ,CA,94558,9417,NAPA,17-Jul-07,17-Jul-07
CA-S-15026,STE. MICHELLE WINE ESTATES LTD.,Active,SAINT HELENA,8711 SILVERADO TRAIL ,CA,94574,0,NAPA,3-Apr-07,3-Apr-07
CA-S-15028,TREANA WINERY LLC,Active,PASO ROBLES,4280 SECONDWIND WAY ,CA,93447,0,SAN LUIS OBISPO,3-Aug-07,3-Aug-07
CA-S-15029,"CONSTELLATION BRANDS U.S. OPERATIONS, INC.",Active,UKIAH,2399 N STATE ST ,CA,95482,3129,MENDOCINO,26-Jul-07,26-Jul-07
CA-S-15031,CASTORO CELLARS,Active,SAN MIGUEL,6465 VON DOLLEN RD ,CA,93451,9567,SAN LUIS OBISPO,12-Dec-07,12-Dec-07
CA-S-15033,"VENTURA LIMONCELLO COMPANY, LLC",Active,VENTURA,2646 PALMA DR ,CA,93003,7738,VENTURA,15-Nov-07,15-Nov-07
CA-S-15036,SCHEID VINEYARDS CALIFORNIA INC.,Active,GREENFIELD,1972 HOBSON AVE ,CA,93927,9605,MONTEREY,20-Nov-07,20-Nov-07
CA-S-15039,HAHN ESTATE,Active,SOLEDAD,37700 FOOTHILL RD ,CA,93960,9620,MONTEREY,29-Jan-08,29-Jan-08
CA-S-15040,"FERRARI-CARANO VINEYARDS AND WINERY, LLC",Active,GEYSERVILLE,2450 HIGHWAY 128 ,CA,95441,0,SONOMA,14-Aug-08,14-Aug-08
CA-S-15042,"STAG'S LEAP WINE CELLARS, LLC",Active,NAPA,5766 SILVERADO TRL ,CA,94558,6209,NAPA,11-Sep-07,28-Mar-08
CA-S-15049,"PARAGON VINEYARD CO., INC.",Active,SAN LUIS OBISPO,4915 ORCUTT RD ,CA,93401,8335,SAN LUIS OBISPO,4-Jun-08,4-Jun-08
CA-S-15050,JVW CORPORATION,Active,HEALDSBURG,1474 ALEXANDER VALLEY RD ,CA,95448,9003,SONOMA,18-Apr-08,18-Apr-08
CA-S-15051,"VILLA TOSCANO, INC.",Active,PLYMOUTH,10600 SHENANDOAH RD ,CA,95669,0,AMADOR,10-Jul-08,10-Jul-08
CA-S-15055,CAKEBREAD CELLARS,Active,RUTHERFORD,8300 ST HELENA HWY ,CA,94573,0,NAPA,15-Dec-09,15-Dec-09
CA-S-15056,"CONSTELLATION BRANDS U.S. OPERATIONS, INC.",Active,GEYSERVILLE,19410  GEYSERVILLE AVE ,CA,95441,9603,SONOMA,29-Feb-08,6-Jun-08
CA-S-15059,"PELLEGRINI BROS. WINES, INC.",Active,SANTA ROSA,4055 W OLIVET RD ,CA,95401,3839,SONOMA,10-Jul-08,10-Jul-08
CA-S-15060,"BRASSFIELD ESTATE WINERY, LLC",Active,CLEARLAKE OAKS,10915 HIGH VALLEY RD ,CA,95423,8526,LAKE,30-May-08,30-May-08
CA-S-15064,"THE AGRICULTURAL FOUNDATION OF CALIFORNIA STATE UNIVERSITY, FRESNO",Active,FRESNO,2360  E BARSTOW  AVE ,CA,93740,8003,FRESNO,4-Dec-08,4-Dec-08
CA-S-15065,"PHASE 2 CELLARS, LLC",Active,SAN LUIS OBISPO,4910 EDNA RD ,CA,93401,7938,SAN LUIS OBISPO,15-Dec-08,15-Dec-08
CA-S-15068,"YERBA BUENA BEVERAGE, LLC",Active,SAN FRANCISCO,990 13TH ST ,CA,94130,1222,SAN FRANCISCO,6-Mar-09,6-Mar-09
CA-S-15070,THE WINE GROUP LLC,Active,MADERA,22004 ROAD 24 ,CA,93638,9405,MADERA,13-Feb-09,13-Feb-09
CA-S-15071,CEDAR RIDGE APPLE RANCH LLC,Active,SONORA,14679 SUMMERS  LN ,CA,95370,9491,TUOLUMNE,17-Apr-09,17-Apr-09
CA-S-15073,"BIN TO BOTTLE, LLC",Active,NAPA,110 CAMINO ORUGA ,CA,94558,0,NAPA,19-Mar-09,19-Mar-09
CA-S-15076,"LAGUNA OAKS VINEYARDS & WINERY, INC.",Active,SANTA ROSA,5700 OCCIDENTAL RD ,CA,95401,5533,SONOMA,15-Sep-09,15-Sep-09
CA-S-15077,"STONECUSHION, INC.",Active,HOPLAND,10400 S HIGHWAY 101 ,CA,95449,9650,MENDOCINO,31-Mar-09,31-Mar-09
CA-S-15080,"CREATIVE ALCOHOL SOLUTIONS, LLC",Active,KING CITY,1010 INDUSTRIAL WAY ,CA,93930,2506,MONTEREY,15-Jun-09,15-Jun-09
CA-S-15081,HELLOCELLO LLC,Active,SONOMA,21877 EIGHT ST E,CA,95476,0,SONOMA,22-Jun-09,22-Jun-09
CA-S-15082,OLD WORLD SPIRITS L.L.C.,Active,BELMONT,121 INDUSTRIAL RD ,CA,94002,8208,SAN MATEO,30-Apr-09,30-Apr-09
CA-S-15085,"NAPA VALLEY LIMONCELLO COMPANY, LLC",Active,NAPA,2485 STOCKTON ST ,CA,94559,3143,NAPA,22-Jul-09,22-Jul-09
CA-S-15086,GERARDO DONATO IULIANO,Active,VACAVILLE,7539 PLEASANTS VALLEY RD ,CA,95688,9005,SOLANO,5-Feb-10,5-Feb-10
CA-S-15087,"FRANCISCAN VINEYARDS, INC.",Active,SONOMA,26200 ARNOLD DR ,CA,95476,0,SONOMA,8-Feb-10,8-Feb-10
CA-S-15088,"DOMAINE CARNEROS, LTD.",Active,NAPA,1240 DUHIG ROAD ,CA,94559,9713,NAPA,18-Dec-09,18-Dec-09
CA-S-15089,"SOUZA ENTERPRISES, INC.",Active,ATWATER,3133 HULL RD ,CA,95301,9529,MERCED,2-Nov-09,2-Nov-09
CA-S-15090,COLD COCKED BEVERAGES LLC,Active,OAKLAND,2020 DENNISON ST ,CA,94606,5251,ALAMEDA,28-Oct-09,28-Oct-09
CA-S-15091,"TAMAR DISTILLERY, INC.",Active,REDWOOD VALLEY,1110 BEL ARBRES DR ,CA,95470,9695,MENDOCINO,15-Oct-09,15-Oct-09
CA-S-15093,"VALLEY SPIRITS, L.L.C.",Active,MODESTO,3084 FARRAR AVE ,CA,95354,0,STANISLAUS,22-Feb-10,22-Feb-10
CA-S-15094,"INVESTORS OF AMERICA, LP, FIRST SECURITIES OF AMERICA, INC., GP",Active,SANTA YNEZ,2121 ALISOS AVE ,CA,93460,9390,SANTA BARBARA,16-Dec-10,16-Dec-10
CA-S-15095,CALIFORNIA NATURAL PRODUCTS,Active,LATHROP,1250 E LATHROP RD ,CA,95330,9709,SAN JOAQUIN,24-Sep-10,24-Sep-10
CA-S-15096,"YAKUT VINEYARDS, INC.",Active,TEMECULA,39820 CALLE CONTENTO ,CA,92591,5039,RIVERSIDE,2-Mar-10,2-Mar-10
CA-S-15097,"AMERICAN WINESECRETS, LLC",Active,SEBASTOPOL,1446 INDUSTRIAL AVE ,CA,95472,0,SONOMA,25-May-10,25-May-10
CA-S-15100,THE HESS COLLECTION WINERY,Active,AMERICAN CANYON,1166 COMMERCE BLVD ,CA,94503,9621,NAPA,5-Aug-10,5-Aug-10
CA-S-15102,DA VE WINERY INC.,Active,NAPA,2515 NAPA VALLEY CORPORATE DR ,CA,94558,7541,NAPA,2-Aug-10,2-Aug-10
CA-S-15103,"ANCHOR BREWING COMPANY, LLC",Active,SAN FRANCISCO,1705 MARIPOSA STREET ,CA,94107,2334,SAN FRANCISCO,3-Sep-10,3-Sep-10
CA-S-15106,MAVRIK NORTH AMERICA LLC,Active,SANTA ROSA,345 TESCONI CIR ,CA,95401,4617,SONOMA,22-Feb-11,22-Feb-11
CA-S-15107,"TAHOE MOONSHINE DISTILLERY, INC.",Active,SOUTH LAKE TAHOE,1611 SHOP ST ,CA,96150,3680,EL DORADO,10-Jan-11,10-Jan-11
CA-S-15108,"GOOD TIME BEVERAGES, LLC",Active,DOWNEY,9234 HALL RD ,CA,90241,5308,LOS ANGELES,28-Feb-11,28-Feb-11
CA-S-15110,"EAFD, LLC",Active,GARDENA,1545 W 134TH  ST ,CA,90249,0,LOS ANGELES,7-Mar-11,7-Mar-11
CA-S-15112,"LITCO LUMBER, INC.",Active,DIAMOND SPRINGS,6601 MERCHANDISE WAY ,CA,95619,9494,EL DORADO,27-Apr-11,27-Apr-11
CA-S-15114,PEACHY CANYON WINERY,Active,PASO ROBLES,2025 NACIMIENTO LAKE DR ,CA,93446,8753,SAN LUIS OBISPO,14-Jun-11,14-Jun-11
CA-S-15117,"SONOMA-CUTRER VINEYARDS, INC.",Active,WINDSOR,4401 SLUSSER RD ,CA,95492,7601,SONOMA,11-Jul-11,11-Jul-11
CA-S-15118,"RED SOLES, LLC",Active,PASO ROBLES,3230 OAKDALE RD ,CA,93446,8655,SAN LUIS OBISPO,14-Sep-11,14-Sep-11
CA-S-15119,JOSEPH ALEXANDER VILLICANA II AND MONICA VILLICANA,Active,PASO ROBLES,2725 ADELAIDA RD ,CA,93446,9765,SAN LUIS OBISPO,5-Aug-11,5-Aug-11
CA-S-15121,"PINE RIDGE WINERY, LLC",Active,HEALDSBURG,700 GROVE  ST ,CA,95448,4753,SONOMA,1-Aug-11,1-Aug-11
CA-S-15122,LLOYD SPIRITS LLC,Active,GONZALES,425 ALTA ST ,CA,93926,0,MONTEREY,23-Sep-11,23-Sep-11
CA-S-15123,CALERA WINE COMPANY,Active,HOLLISTER,11300 CIENEGA RD ,CA,95023,9159,SAN BENITO,13-Sep-11,13-Sep-11
CA-S-15126,LOST SPIRITS DISTILLERY LLC,Active,LOS ANGELES,1235 E 6TH ST ,CA,90021,0,LOS ANGELES,22-Dec-11,22-Dec-11
CA-S-15127,MATTHEW DILLINGHAM,Active,SAN LEANDRO,1941 DAVIS ST ,CA,94577,1262,ALAMEDA,22-Nov-11,22-Nov-11
CA-S-15128,"Q4X, INC.",Active,PASO ROBLES,7300 N RIVER RD ,CA,93446,7101,San Luis Obispo,3-Nov-11,3-Nov-11
CA-S-15129,STEPHEN P. AUTRY,Active,SAN LUIS OBISPO,5450 EDNA RD ,CA,93401,7998,SAN LUIS OBISPO,8-Dec-11,8-Dec-11
CA-S-15130,"PASO ROBLES WINE SERVICES, LLC",Active,PASO ROBLES,6305  BUENA VISTA  DR ,CA,93446,8565,SAN LUIS OBISPO,23-Apr-12,23-Apr-12
CA-S-15131,BOWEN'S SPIRITS INC.,Active,BAKERSFIELD,1901 MINERAL CT ,CA,93308,6819,KERN,20-Jan-12,20-Jan-12
CA-S-15134,ARLA JEAN RAMSEY,Active,BLUE LAKE,725-6 1/2 RANCHERIA RD ,CA,95525,0,HUMBOLDT,9-Oct-12,9-Oct-12
CA-S-15135,"HALL WINES, LLC",Active,SAINT HELENA,401  ST. HELENA  HWY S,CA,94574,2200,NAPA,22-Oct-12,22-Oct-12
CA-S-15136,"OPOLO WINES, LP, OPOLO MANAGEMENT LLC, GP",Active,PASO ROBLES,7110 VINEYARD DR ,CA,93446,7684,SAN LUIS OBISPO,1-Oct-12,1-Oct-12
CA-S-164,VIE-DEL COMPANY,Active,KINGSBURG,13363 S INDIANOLA AVE ,CA,93631,9268,FRESNO,12-Nov-86,29-Apr-91
CA-S-182,LEVECKE CORPORATION,Active,MIRA LOMA,10810 INLAND AVE ,CA,91752,3235,RIVERSIDE,11-Mar-93,11-Mar-93
CA-S-200,"BARTON BRANDS OF CALIFORNIA, INC.",Active,CARSON,2202 E DEL AMO BLVD ,CA,90749,0,LOS ANGELES,24-Mar-09,17-Jun-09
CA-S-20003,"FRANCIS COPPOLA WINERY, LLC",Active,GEYSERVILLE,300  VIA ARCHIMEDES ,CA,95441,9325,USA,21-Mar-12,21-Mar-12
CA-S-20004,"ASCENDANT SPIRITS, INC.",Active,BUELLTON,37  INDUSTRIAL WAY ,CA,94327,0,Santa Barbara,1-May-12,1-May-12
CA-S-20005,"REDWOOD SPIRITS, INC.",Active,FORTUNA,735  10TH ST ,CA,95540,2028,Humboldt,30-Jul-12,30-Jul-12
CA-S-20006,"STONECUSHION, INC.",Active,KENWOOD,8450  SONOMA HWY ,CA,95452,9025,SONOMA,2-Aug-12,2-Aug-12
CA-S-20008,"SADDLESPRINGS BEVERAGE COMPANY, INC.",Active,CARSON,20700  BELSHAW AVE ,CA,90746,0,,27-Aug-12,27-Aug-12
CA-S-20009,ROBERT CONTRERAS,Active,BENICIA,4812  E 2ND ST ,CA,94510,1023,Solano,27-Aug-12,27-Aug-12
CA-S-20010,FALCON SPIRITS LLC,Active,RICHMOND,3701  COLLINS AVE ,CA,94806,1833,Contra Costa,28-Sep-12,28-Sep-12
CA-S-20011,"SPIRIT WORKS DISTILLERY, LLC",Active,SEBASTOPOL,6790  MCKINLEY ST ,CA,95472,0,Sonoma,1-Oct-12,1-Oct-12
CA-S-20013,TWISTED MANZANITA SPIRITS COMPANY,Active,SANTEE,10149  PROSPECT AVE ,CA,92071,4411,,5-Nov-12,5-Nov-12
CA-S-20014,"SONOMA WINE COMPANY, LLC",Active,AMERICAN CANYON,205  JIM OSWALT WAY ,CA,94503,0,Napa,15-Nov-12,15-Nov-12
CA-S-20016,"HUMBOLDT CRAFT DISTILLERS, LLC",Active,EUREKA,205  7TH ST ,CA,95501,1701,Humboldt,13-Dec-12,13-Dec-12
CA-S-210,E. & J. GALLO WINERY,Active,MODESTO,200 YOSEMITE BLVD ,CA,95354,0,STANISLAUS,28-Apr-10,1-Mar-68
CA-S-211,E. & J. GALLO WINERY,Active,FRESNO,5610 E OLIVE AVE ,CA,93727,2707,FRESNO,16-Apr-74,16-Apr-74
CA-S-212,E. & J. GALLO WINERY,Active,LIVINGSTON,18000 RIVER RD ,CA,95334,9516,MERCED,16-Apr-74,16-Apr-74
CA-S-219,GOLDEN STATE VINTNERS,Active,CUTLER,38558 ROAD 128 ,CA,93615,9755,TULARE,14-Jul-04,22-Aug-05
CA-S-222,F. KORBEL & BROS.,Active,GUERNEVILLE,13250 RIVER RD ,CA,95446,9593,SONOMA,18-Dec-75,18-Dec-75
CA-S-230,SUN-MAID GROWERS OF CALIFORNIA,Active,ORANGE COVE,9818 S JACOBS AVE ,CA,93646,9306,FRESNO,25-Mar-77,17-Oct-77
CA-S-252,"LINCHEN, INC.",Active,HAYWARD,20175 MACK ST ,CA,94545,1202,ALAMEDA,30-Dec-92,30-Dec-92
CA-S-266,"ALAMBIC, INC.",Active,UKIAH,5000 LOW GAP RD ,CA,95482,7644,MENDOCINO,23-Sep-83,23-Sep-83
CA-S-276,MILORAD & SUSAN J. KARAKASEVIC,Active,UKIAH,3001 S STATE ST ,CA,95482,0,MENDOCINO,22-Aug-86,22-Oct-86
CA-S-280,"ALAMBIC, INC.",Active,UKIAH,3001 S STATE ST ,CA,95482,6969,MENDOCINO,24-Apr-87,24-Apr-87
CA-S-302,F. KORBEL & BROS.,Active,DI GIORGIO,15401 BEAR MOUNTAIN WINERY RD ,CA,93203,9743,KERN,26-Nov-91,26-Nov-91
CA-S-308,WILLIAM MILLARD MOSBY,Active,BUELLTON,9496 SANTA ROSA RD ,CA,93427,9443,SANTA BARBARA,29-May-92,29-May-92
CA-S-310,"SUTTER HOME WINERY, INC.",Active,SAINT HELENA,100 ST. HELENA HWY S,CA,94574,0,NAPA,7-Jul-92,20-Aug-92
CA-S-312,DELICATO VINEYARDS,Active,MANTECA,12001 S HIGHWAY 99 ,CA,95336,8499,SAN JOAQUIN,30-Dec-98,3-Mar-00
CA-S-314,"KAUTZ VINEYARDS, INC.",Active,MURPHYS,1894 SIX MILE RD ,CA,95247,0,CALAVERAS,26-May-93,26-May-93
CA-S-315,"DOMAINE CHANDON, INC.",Active,YOUNTVILLE,1 CALIFORNIA DR ,CA,94599,1426,NAPA,13-Sep-93,13-Sep-93
CA-S-318,J. LOHR WINERY CORPORATION,Active,SAN JOSE,1000 LENZEN AVE ,CA,95126,2739,SANTA CLARA,29-Sep-08,29-Sep-08
CA-S-328,"OSOCALIS, INC.",Active,SOQUEL,5579 OLD SAN JOSE RD ,CA,95073,9627,SANTA CRUZ,7-Jan-97,7-Jan-97
CA-S-338,WENTE BROS.,Active,LIVERMORE,5565 TESLA RD ,CA,94550,9149,ALAMEDA,4-Jan-00,6-Mar-00
CA-S-341,J. LOHR WINERY CORPORATION,Active,PASO ROBLES,6169 AIRPORT RD ,CA,93446,9547,SAN LUIS OBISPO,15-Oct-08,15-Oct-08
CA-S-343,"KUNDE ENTERPRISES, INC.",Active,KENWOOD,10155 SONOMA HWY ,CA,95452,0,SONOMA,13-Aug-98,19-Aug-98
CA-S-347,THE WINE GROUP LLC,Active,RIPON,17000 E STATE HIGHWAY 120 ,CA,95366,9412,SAN JOAQUIN,24-Aug-98,24-Aug-98
CA-S-349,CLASSICK IMPORT & EXPORT LLC,Active,MT VIEW,144 A & B S WHISMAN RD ,CA,94041,0,SANTA CLARA,18-Mar-99,13-Sep-99
CA-S-350,THE HESS COLLECTION WINERY,Active,NAPA,4411 REDWOOD RD ,CA,94558,9708,NAPA,4-Jan-06,31-Mar-06
CA-S-353,"ALAMBIC, INC.",Active,REDWOOD VALLEY,1110 BEL ARBRES DR ,CA,95470,0,MENDOCINO,24-Aug-99,24-Aug-99
CA-S-354,NIELS UDSEN AND BERIT UDSEN,Active,TEMPLETON,1266 N BETHEL RD ,CA,93465,0,SAN LUIS OBISPO,22-May-00,22-May-00
CA-S-355,CHRISTOPHER G. SOLOMON & GILDO TOURNOUR,Active,CALPELLA,5900 CENTRAL AVE ,CA,95418,0,MENDOCINO,1-Mar-01,15-Oct-03
CA-S-357,"GOLDEN VALLEY GRAPE JUICE AND WINE, LLC",Active,MADERA,11770 ROAD 27 1/2 ,CA,93637,9108,MADERA,8-Feb-01,8-Feb-01
CA-S-359,ALBERT J. DIVITTORIO AND SALLY DIVITTORIO,Active,CAMINO,3961 SEVEN RIDGES RD ,CA,95709,9519,EL DORADO,8-Aug-01,8-Aug-01
CA-S-371,"SWEETWATER DISTILLERS, INC.",Active,PETALUMA,611 2ND ST ,CA,94952,5123,SONOMA,25-Sep-03,25-Sep-03
CA-S-375,TREASURY WINE ESTATES AMERICAS COMPANY,Active,NAPA,1250 CUTTINGS WHARF RD ,CA,94559,9738,NAPA,12-Sep-03,12-Sep-03
CA-S-379,E. & J. GALLO WINERY,Active,SANGER,1042 S MCCALL AVE ,CA,93657,9739,FRESNO,30-Dec-02,1-May-03
CA-S-381,"FERRARI-CARANO VINEYARDS AND WINERY, LLC",Active,HEALDSBURG,8761 DRY CREEK RD ,CA,95448,9133,SONOMA,6-Apr-01,16-May-03
CA-S-383,"ST. GEORGE SPIRITS, INC.",Active,ALAMEDA,2601 MONARCH ST ,CA,94501,7541,ALAMEDA,12-Oct-10,12-Oct-10
CA-S-384,"DISTILLERY NO 209 LTD. NAPA, CALIFORNIA",Active,SAN FRANCISCO,"PIER 50, SHED B ",CA,94158,0,SAN FRANCISCO,7-Jan-09,7-Jan-09
CA-S-385,"CONETECH, INC.",Active,SANTA ROSA,1450 AIRPORT BLVD ,CA,95403,1023,SONOMA,18-Sep-03,18-Sep-03
CA-S-395,THE WINE GROUP LLC,Active,MC FARLAND,31795 WHISLER RD ,CA,93250,9666,KERN,1-Dec-03,25-Oct-04
CA-S-64,"CONSTELLATION BRANDS U.S. OPERATIONS, INC.",Active,MADERA,12667 ROAD 24 ,CA,93637,9020,MADERA,4-Aug-94,26-May-94
CA-S-928,GIBSON WINE COMPANY,Active,SANGER,1720 ACADEMY AVE ,CA,93657,3704,FRESNO,25-Jul-39,25-Jul-39
CO-S-15001,PEACH STREET DISTILLERS,Active,PALISADE,144 S KLUGE AVE ,CO,81526,9758,MESA,7-Jun-05,7-Jun-05
CO-S-15002,"PEAK SPIRITS, LLC",Active,HOTCHKISS,26567 NORTH RD ,CO,81419,0,DELTA,1-Mar-10,1-Mar-10
CO-S-15008,"SYNTAX SPIRITS, LLC",Active,GREELEY,625 3RD ST ,CO,80631,0,WELD,28-May-08,28-May-08
CO-S-15010,"MANCOS VALLEY DISTILLERY, LLC",Active,MANCOS,116 N MAIN ST ,CO,81328,0,MONTEZUMA,16-Oct-08,16-Oct-08
CO-S-15012,"ANN ARBOR BREWING COMPANY, L.L.C.",Active,DENVER,5285 JOLIET ST ,CO,80239,0,DENVER,1-Aug-08,1-Aug-08
CO-S-15014,"DOWNSLOPE DISTILLING, INC.",Active,CENTENNIAL,6770 S DAWSON CIR ,CO,80112,4224,ARAPAHOE,4-Mar-09,4-Mar-09
CO-S-15015,DOUBLE DIAMOND DISTILLERY LLC,Active,BRECKENRIDGE,1925 AIRPORT RD ,CO,80424,0,SUMMIT,1-Jun-10,1-Jun-10
CO-S-15017,"DANCING PINES DISTILLERY, LLC",Active,BERTHOUD,1029 2ND ST ,CO,80513,0,LARIMER,2-Jun-10,2-Jun-10
CO-S-15018,"BLACK CANYON DISTILLERY, INC.",Active,LONGMONT,13710 DEERE CT ,CO,80504,9692,WELD,30-Sep-10,30-Sep-10
CO-S-15019,"PROXIMO DISTILLERS, LLC",Active,DENVER,200 S KALAMATH ST ,CO,80223,1813,DENVER,14-Dec-10,14-Dec-10
CO-S-15022,"GARGOYLE ENTERPRISES, INC.",Active,DENVER,1420 S ACOMA ST ,CO,80223,3223,DENVER,25-May-11,25-May-11
CO-S-15024,"DEERHAMMER DISTILLING COMPANY, LLC",Active,BUENA VISTA,321 E MAIN ST ,CO,81211,8125,CHAFFEE,4-Nov-11,4-Nov-11
CO-S-15025,GREG DUBBE',Active,LONGMONT,105 S SUNSET ST ,CO,80501,6172,BOULDER,25-Aug-11,25-Aug-11
CO-S-15026,"MONTANYA DISTILLERS, LLC",Active,CRESTED BUTTE,398 RIVERLAND ,CO,81224,0,GUNNISON,3-Oct-11,3-Oct-11
CO-S-15028,"MILE HIGH SPIRITS, L.L.C.",Active,DENVER,2201 LAWRENCE ST ,CO,80205,0,DENVER,30-Nov-11,30-Nov-11
CO-S-15029,"MONTANYA DISTILLERS, LLC",Active,CRESTED BUTTE,130 ELK AVE ,CO,81224,0,GUNNISON,14-Nov-11,14-Nov-11
CO-S-15032,STILL CELLARS LLC,Active,LONGMONT,1115 COLORADO AVE ,CO,80501,6182,BOULDER,23-Mar-12,23-Mar-12
CO-S-15033,"COLORADO GOLD DISTILLERY, LLC",Active,COLORADO SPRINGS,4242 N NEVADA AVE ,CO,80907,0,EL PASO,16-Nov-12,16-Nov-12
CO-S-15034,J AND L DISTILLING COMPANY,Active,BOULDER,4843 PEARL ST ,CO,80301,2440,BOULDER,25-Jul-12,25-Jul-12
CO-S-15035,"SPRING44 DISTILLING, INC",Active,LOVELAND,505 W 66TH ST ,CO,80538,4670,LARIMER,13-Aug-12,13-Aug-12
CO-S-20001,LOCAL DISTILLING INC,Active,GOLDEN,417  VIOLET ST ,CO,80401,6713,,30-May-12,30-May-12
CO-S-20002,SPIRIT HOUNDS LLC,Active,LYONS,4196  UTE HWY ,CO,80540,0,Boulder,4-Jun-12,4-Jun-12
CO-S-20003,"MAISON DE LA VIE, LTD.",Active,GOLDEN,412  VIOLET ST ,CO,80401,4975,Jefferson,10-Jul-12,10-Jul-12
CO-S-20004,WOODY CREEK DISTILLERS LLC,Active,BASALT,60 SUNSET DR ,CO,81621,9385,EAGLE,3-Aug-12,3-Aug-12
CO-S-20005,"SHOT SHOOTER INTERNATIONAL, LLC",Active,DENVER,90  W 84TH AVE ,CO,80260,0,Adams,6-Aug-12,6-Aug-12
CO-S-20006,"FEISTY SPIRITS, LLC",Active,FORT COLLINS,1708  E LINCOLN AVE ,CO,80524,0,United States,13-Aug-12,13-Aug-12
CO-S-20007,HONEY HOUSE DISTILLERY,Active,DURANGO,33633  HIGHWAY 550 ,CO,81301,7162,,17-Aug-12,17-Aug-12
CO-S-20008,"808 DISTILLERY, LLC",Active,EAGLE,808  FAIRGROUNDS RD ,CO,81631,0,Eagle,27-Aug-12,27-Aug-12
CO-S-20009,PAT'S BACKCOUNTRY BEVERAGES INC.,Active,WHEAT RIDGE,11427  W I-70 FRONTAGE RD N,CO,80033,0,County,31-Aug-12,31-Aug-12
CO-S-20010,WOOD'S HIGH MOUNTAIN DISTILLERY LLC,Active,SALIDA,144  W 1ST ST ,CO,81201,2002,Chaffee,13-Nov-12,13-Nov-12
CO-S-20011,BOATHOUSE DISTILLERY,Active,SALIDA,7728  COUNTY ROAD 150 RD ,CO,81201,8529,Chaffee,13-Dec-12,13-Dec-12
CT-S-11,"WESTFORD HILL DISTILLERS, LLC",Active,ASHFORD,196 CHATEY RD ,CT,6278,1007,WINDHAM,1-Apr-98,1-Apr-98
CT-S-12,"CONNECTICUT VALLEY DISTILLERS, LLC",Active,MANCHESTER,148 FOREST ST ,CT,6040,5906,HARTFORD,19-Mar-99,28-Jul-99
CT-S-15000,"DIAGEO AMERICAS SUPPLY, INC.",Active,NORWALK,801 MAIN AVE ,CT,6851,0,FAIRFIELD,5-Nov-08,5-Nov-08
CT-S-15002,ELM CITY DISTILLERY LLC,Active,WALLINGFORD,53 CAPITAL DR ,CT,6492,5818,NEW HAVEN,18-May-10,18-May-10
CT-S-15003,"ONYX SPIRITS COMPANY, LLC",Active,EAST HARTFORD,64D OAKLAND AVE ,CT,6108,0,HARTFORD,19-Oct-10,19-Oct-10
CT-S-20001,"APPSTRAWBRANDIES DISTILLERY, LLC",Active,BRANFORD,11  SYCAMORE WAY ,CT,6405,6553,New Haven,16-Jul-12,16-Jul-12
DC-S-15000,NEW COLUMBIA DISTILLERS LLC,Active,WASHINGTON,1832 FENWICK ST NE,DC,20002,1710,DISTRICT OF COLUMBIA,8-Feb-12,8-Feb-12
DC-S-20001,THINK ITALIAN LLC,Active,WASHINGTON,6031 KANSAS AVE NW,DC,20011,1566,,12-Jan-12,12-Jan-12
DE-S-15000,DOGFISH HEAD LLC,Active,REHOBOTH BEACH,320 REHOBOTH AVE ,DE,19971,3108,SUSSEX,13-Feb-02,13-Feb-02
FL-S-15000,RELEVE INDUSTRIES INC.,Active,CLEWISTON,515 E OBISPO AVE ,FL,33440,4720,HENDRY,14-Jul-05,14-Jul-05
FL-S-15003,"SANTIAGO MASTERBLENDERS, LLC",Active,OKEECHOBEE,27200 NW 130TH BLVD ,FL,34972,487,OKEECHOBEE,22-Sep-06,22-Sep-06
FL-S-15004,"BEVERAGE RESOURCES, LLC",Active,LAKELAND,4100 FRONTAGE RD S,FL,33815,3200,POLK,31-Oct-12,13-Feb-13
FL-S-15009,"FLORIDIAN LIQUID ASSETS, LLC",Active,WINTER GARDEN,902 CARTER RD ,FL,34787,4143,ORANGE,20-Feb-08,20-Feb-08
FL-S-15010,MICHAN CORPORATION,Active,UMATILLA,23100 SE HIGHWAY 42 ,FL,32784,0,LAKE,28-Aug-08,28-Aug-08
FL-S-15011,"DRUM CIRCLE DISTILLING, LLC",Active,SARASOTA,2212 INDUSTRIAL BLVD ,FL,34234,3120,SARASOTA,27-Jan-09,27-Jan-09
FL-S-15016,CARIBBEAN DISTILLERS LLC,Active,AUBURNDALE,425 RECKER HWY ,FL,33823,4035,POLK,18-Oct-10,2-Nov-10
FL-S-15021,"DESTILERIA CANECA, LLC",Active,MIAMI,2320 N MIAMI AVE ,FL,33127,4432,MIAMI-DADE,6-Jul-11,6-Jul-11
FL-S-15022,"SHOTPAQ, LLC",Active,SARASOTA,1712 NORTHGATE BLVD ,FL,34234,0,SARASOTA,28-Oct-11,28-Oct-11
FL-S-15023,"FISH HAWK SPIRITS, LLC",Active,OCALA,16350 SW 20TH LN ,FL,34481,8800,MARION,20-Mar-12,20-Mar-12
FL-S-15024,ALCHEMIST DISTILLERIES INC,Active,MIAMI,6468-6470 NW 77TH CT ,FL,33166,2709,MIAMI-DADE,10-Jul-12,10-Jul-12
FL-S-17,BACARDI BOTTLING CORPORATION,Active,JACKSONVILLE,12200 N MAIN ST ,FL,32218,3819,DUVAL,21-Aug-92,21-Aug-92
FL-S-20001,CAPE SPIRITS INC.,Active,CAPE CORAL,131 SW 3RD PL SW,FL,33991,2011,Lee,6-Feb-12,6-Feb-12
FL-S-20003,"ROLLINS DISTILLERY, INC.",Active,GULF BREEZE,5680  GULF BREEZE PKWY ,FL,32563,9577,Santa Rosa,30-Aug-12,30-Aug-12
FL-S-26,"MANGO BOTTLING, INC.",Active,COCOA,767 CLEARLAKE RD ,FL,32922,5208,BREVARD,13-Dec-93,13-Dec-93
FL-S-29,"BARTOW ETHANOL OF FLORIDA, L.C.",Active,BARTOW,1705 E MANN RD ,FL,33830,7542,POLK,20-May-99,20-May-99
GA-S-15002,"THIRTEENTH COLONY DISTILLERIES, LLC",Active,AMERICUS,305  N DUDLEY  ST ,GA,31709,3413,SUMTER,30-Jan-09,30-Jan-09
GA-S-15003,"MAPLE GROVE PRODUCTS, INC.",Active,ATLANTA,630 INTERCHANGE DR ,GA,30336,1604,FULTON,3-May-10,3-May-10
GA-S-15005,"IVY MOUNTAIN DISTILLERY, LLC",Active,MOUNT AIRY,1896 DICKS HILL PKWY ,GA,30563,0,HABERSHAM,18-Apr-11,18-Apr-11
GA-S-15006,"GEORGIA DISTILLING COMPANY, INC.",Active,MILLEDGEVILLE,121 BLANDY WAY ,GA,31061,0,BALDWIN,27-Jun-11,27-Jun-11
GA-S-15008,DAN KENNETH RIVERS SR.,Active,JACKSON,540 W THIRD ST ,GA,30233,1804,BUTTS,31-Jul-12,31-Jul-12
GA-S-20001,"FREE SPIRITS DISTILLERY, LLC",Active,DAWSONVILLE,415  E HIGHWAY 53 ,GA,30534,4017,Dawson,4-Jun-12,4-Jun-12
GA-S-20002,STILL POND DISTILLERS L.L.C.,Active,ARLINGTON,1575  STILL POND RD ,GA,39813,5032,CALHOUN,16-Jul-12,16-Jul-12
GA-S-20003,"MOONRISE DISTILLERY, INC.",Active,CLAYTON,31  WEBB RD ,GA,30525,0,Rabun,19-Sep-12,19-Sep-12
HI-S-120,"ALOHA DISTILLERS, INC.",Active,HONOLULU,5 SAND ISLAND ACCESS RD ,HI,96819,4905,HONOLULU,10-Mar-88,10-Mar-88
HI-S-125,MAUI PROCESS TECHNOLOGIES LLC,Active,MAKAWAO,530A KEALALOA AVE ,HI,96768,0,MAUI,25-Nov-03,25-Nov-03
HI-S-126,"KOLANI DISTILLERS, LLC",Active,PAIA,320 BALDWIN AVE ,HI,96779,0,MAUI,2-Apr-04,2-Apr-04
HI-S-15000,HAWAII SEA SPIRITS LLC,Active,KULA,4051 OMAOPIO RD ,HI,96790,8828,MAUI,14-Mar-06,14-Mar-06
HI-S-15009,ISLAND DISTILLERS INC.,Active,HONOLULU,577 PAKALA ST ,HI,96825,0,HONOLULU,8-Jan-10,8-Jan-10
HI-S-15010,LEVECKE CORPORATION,Active,MAKAWAO,HALIIMAILE BASE YARD ,HI,96768,0,MAUI,19-Oct-10,19-Oct-10
HI-S-20001,"HAWAIIAN AGRICULTURAL PRODUCTS, LLC",Active,HALEIWA,66-542 HALEIWA RD ,HI,96712,1525,,30-May-12,30-May-12
HI-S-20002,"MANULELE DISTILLERS, LLC",Active,KUNIA,92-1770 KUNIA RD ,HI,96759,9997,Honolulu,27-Aug-12,27-Aug-12
IA-S-1,GRAIN PROCESSING CORPORATION,Active,MUSCATINE,1600 OREGON ST ,IA,52761,1404,MUSCATINE,1-Oct-88,1-Oct-88
IA-S-15000,"CEDAR RIDGE VINEYARD, LLC",Active,SWISHER,1441 MARAK RD ,IA,52338,9574,JOHNSON,26-Aug-05,29-Sep-05
IA-S-15004,"BROADBENT VENTURES, LLC.",Active,NORWALK,6175 50TH AVE ,IA,50211,9052,WARREN,17-Sep-10,17-Sep-10
IA-S-15005,"MISSISSIPPI RIVER DISTILLING COMPANY, L.L.C.",Active,LECLAIRE,303 N CODY RD ,IA,52753,0,SCOTT,8-Oct-10,8-Oct-10
IA-S-15007,"LSCP, LLLP, LITTLE SIOUX CORN PROCESSORS, LLC (GENERAL PARTNER)",Active,MARCUS,4808 F AVE ,IA,51035,7070,CHEROKEE,9-Aug-11,9-Aug-11
IA-S-15010,"SPIRITS, L.C.C.",Active,GRIMES,303 SE 2ND ST ,IA,50111,1167,POLK,29-Dec-11,29-Dec-11
IA-S-17,ARCHER DANIELS MIDLAND COMPANY,Active,CLINTON,1251 BEAVER CHANNEL PKWY ,IA,52732,5935,CLINTON,9-Jul-82,9-Jul-82
IA-S-20001,DUNKEL CORPORATION,Active,CUMMING,4349  CUMMING AVE ,IA,50061,0,Warren,26-Mar-12,26-Mar-12
IA-S-20002,"WERNER DISTILLING, LLC.",Active,HOLSTEIN,5068  110TH ST ,IA,51025,0,Ida,30-Aug-12,30-Aug-12
IA-S-21,"BARTON SOLVENTS, INC.",Active,BETTENDORF,204 36TH ST ,IA,52722,6468,SCOTT,15-Jan-01,4-Jun-01
ID-S-119,"DISTILLED RESOURCES, INCORPORATED",Active,RIGBY,134 N 3300 E,ID,83442,5630,JEFFERSON,21-Mar-90,21-Mar-90
ID-S-121,"BARDENAY, INC.",Active,BOISE,610 W GROVE ST ,ID,83702,5926,ADA,9-Dec-99,9-Dec-99
ID-S-122,"BARDENAY, INC.",Active,EAGLE,155 E RIVERSIDE ST ,ID,83616,6083,ADA,10-Mar-04,10-Mar-04
ID-S-15000,LANTRIX LLC,Active,IDAHO FALLS,2200 GRIZZLY LN ,ID,83402,4807,BONNEVILLE,13-Dec-05,13-Dec-05
ID-S-15001,"BARDENAY, INC.",Active,COEUR D ALENE,1710 W RIVERSTONE DR ,ID,83814,0,KOOTENAI,22-Jun-07,22-Jun-07
ID-S-15002,"DISTILLED SPIRITS USA, INC.",Active,BOISE,495 S 15TH ST ,ID,83702,0,ADA,9-Jul-10,9-Jul-10
ID-S-20001,"GRAND TETON VODKA, INC.",Active,DRIGGS,1755  N 33 HWY ,ID,83422,0,Teton,24-Feb-12,24-Feb-12
ID-S-20002,KOENIG DISTILLERY INC.,Active,CALDWELL,20928  GRAPE LN ,ID,83607,9578,Canyon,26-Mar-12,26-Mar-12
IL-S-15001,ARCHER DANIELS MIDLAND COMPANY,Active,PEORIA,1 EDMUND ST ,IL,61602,1737,PEORIA,1-Jan-05,17-Feb-05
IL-S-15002,"NORTH SHORE DISTILLERY, LLC",Active,GREEN OAKS,13990 ROCKLAND RD ,IL,60048,9724,LAKE,17-Aug-05,17-Aug-05
IL-S-15007,KOVAL INC.,Active,CHICAGO,5121 N RAVENSWOOD AVE ,IL,60640,2712,COOK,14-Oct-08,14-Oct-08
IL-S-15008,ANTHONY'S OWN INC.,Active,CHICAGO,2021 W FULTON ST ,IL,60612,0,COOK,4-Mar-09,4-Mar-09
IL-S-15010,"ILLINOIS CORN PROCESSING, LLC",Active,PEKIN MALL,1301 S FRONT ST ,IL,61554,4065,TAZEWELL,1-Feb-12,18-Jul-12
IL-S-15016,"MASTERMIND VODKA, INC.",Active,PONTOON BEACH,4262 STATE HWY 162 ,IL,62040,0,MADISON,15-Feb-11,15-Feb-11
IL-S-15018,"PREMIERE DISTILLERY, LLC",Active,GURNEE,1503 ST. PAUL AVE ,IL,60031,2146,LAKE,24-Jun-11,24-Jun-11
IL-S-15019,"LET THERE BE! DISTILLERS, LLC",Active,CHICAGO,1801-15 W BERTEAU AVE ,IL,60613,1816,COOK,29-Jun-11,29-Jun-11
IL-S-15020,"CELLO VIA, INC",Active,WHEELING,300 MARQUARDT DR ,IL,60090,6425,COOK,17-Aug-11,17-Aug-11
IL-S-15021,"TAILWINDS DISTILLING, LLC",Active,PLAINFIELD,14912 S EASTERN AVE ,IL,60544,0,WILL,8-Feb-12,8-Feb-12
IL-S-20001,"BLUE STAR POTABLES, LLC",Active,RIVERSIDE,39  E QUINCY ST ,IL,60546,2128,Cook,1-Mar-12,1-Mar-12
IL-S-20002,"MID-OAK DISTILLERY, INC.",Active,CRESTWOOD,4330  W MIDLOTHIAN TPKE ,IL,60445,0,Cook,12-Mar-12,12-Mar-12
IL-S-20003,"SOUTHERN SISTERS SPIRITS, LLC",Active,CARBONDALE,428  WOOD RD ,IL,62901,0,Jackson,30-Mar-12,30-Mar-12
IL-S-83,"DIAGEO AMERICAS SUPPLY, INC.",Active,PLAINFIELD,24440 W 143RD ST ,IL,60544,0,WILL,1-Jul-08,1-Jul-08
IN-S-15003,"PROXIMO DISTILLERS, LLC",Active,LAWRENCEBURG,220 SHIPPING ST ,IN,47025,1637,DEARBORN,27-Dec-11,27-Dec-11
IN-S-15006,VIRTUOSO DISTILLERS LLC,Active,MISHAWAKA,4211 GRAPE RD ,IN,46545,4654,ST JOSEPH,24-Nov-08,24-Nov-08
IN-S-15007,"HEARTLAND DISTILLERS, LLC",Active,INDIANAPOLIS,9402 UPTOWN  DR ,IN,46256,1042,MARION,3-Nov-08,3-Nov-08
IN-S-15010,SENSIENT FLAVORS LLC,Active,INDIANAPOLIS,5600 W RAYMOND ST ,IN,46241,4343,MARION,30-Sep-10,30-Sep-10
IN-S-15011,"CENTRAL INDIANA ETHANOL, LLC",Active,MARION,2955 W DELPHI PIKE ,IN,46952,9265,GRANT,26-Aug-11,26-Aug-11
IN-S-15016,"MGPI OF INDIANA, LLC",Active,LAWRENCEBURG,7 RIDGE AVE ,IN,47025,1637,DEARBORN,3-Aug-12,3-Aug-12
IN-S-157,"PRI-PAK, INC.",Active,GREENDALE,2000 SCHENLEY PL ,IN,47025,4010,DEARBORN,25-Aug-93,25-Aug-93
IN-S-160,GRAIN PROCESSING CORPORATION,Active,WASHINGTON,1443 S 300 W ,IN,47501,7410,DAVIESS,21-Oct-99,2-May-00
IN-S-161,"HUBER ORCHARDS, INC.",Active,BORDEN,19816 HUBER RD ,IN,47106,8309,CLARK,7-Dec-01,7-Dec-01
KS-S-15001,HIGH PLAINS INC,Active,ATCHISON,1700 ROOKS RD ,KS,66002,0,ATCHISON,18-Apr-05,18-Apr-05
KS-S-15002,"WYLDEWOOD CELLARS, INC.",Active,PECK,951 E 119TH ST ,KS,67120,0,SUMNER,27-Apr-07,27-Apr-07
KS-S-15004,"HONOR DISTILLING, LLC",Active,VALLEY FALLS,301 BROADWAY ST ,KS,66088,0,JEFFERSON,7-Nov-07,7-Nov-07
KS-S-15009,"UNION HORSE DISTILLING COMPANY, LLC",Active,LENEXA,11740 W 86TH TER ,KS,66214,0,JOHNSON,11-Jan-11,11-Jan-11
KS-S-22,"MGPI PROCESSING, INC.",Active,ATCHISON,1300 MAIN ST ,KS,66002,130,ATCHISON,31-Jul-12,31-Jul-12
KY-S-10,BROWN-FORMAN CORPORATION,Active,LOUISVILLE,1908 HOWARD ST ,KY,40210,1060,JEFFERSON,31-Jul-87,19-Sep-88
KY-S-15000,JAMIESON'S DISTILLERY INC.,Active,HICKMAN,3855 HIGHWAY 125 ,KY,42050,0,FULTON,7-Feb-07,7-Feb-07
KY-S-15002,"DIAGEO AMERICAS SUPPLY, INC.",Active,LOUISVILLE,3860 FITZGERALD RD ,KY,40216,5236,JEFFERSON,1-Jul-08,1-Jul-08
KY-S-15005,"WOODSHED BEVERAGE, LLC",Active,LEXINGTON,1200 MANCHESTER ST ,KY,40504,1129,FAYETTE,18-Sep-08,18-Sep-08
KY-S-15006,CORSAIR ARTISAN LLC,Active,BOWLING GREEN,400 E MAIN ST ,KY,42101,0,WARREN,7-Oct-08,7-Oct-08
KY-S-15007,"STRONG SPIRITS, INC.",Active,BARDSTOWN,999 WITHROW CT ,KY,40004,0,NELSON,3-Nov-08,3-Nov-08
KY-S-15008,"THREE SPRINGS BOTTLING COMPANY, LLC",Active,BOWLING GREEN,201 CAMPING WORLD CT ,KY,42104,7553,WARREN,9-Jan-09,9-Jan-09
KY-S-15009,"MB ROLAND DISTILLERY, INC.",Active,PEMBROKE,137 BARKERS MILL ROAD ,KY,42266,9437,CHRISTIAN,8-Sep-09,8-Sep-09
KY-S-15010,"ALLTECH'S BEVERAGE DIVISION, LLC",Active,LEXINGTON,401 CROSS STREET ,KY,40508,0,FAYETTE,1-Apr-11,1-Apr-11
KY-S-15014,CAMPARI AMERICA LLC,Active,LAWRENCEBURG,1417 VERSAILLES RD ,KY,40342,9624,ANDERSON,30-Sep-12,25-Jan-13
KY-S-20001,"DISTILLED SPIRITS EPICENTER, LLC",Active,LOUISVILLE,801-809 S 8TH ST ,KY,40203,2024,,29-Aug-12,29-Aug-12
KY-S-20002,"WHISKEY THIEF DISTILLING COMPANY, INC.",Active,FRANKFORT,283  CRAB ORCHARD RD ,KY,40601,9185,Franklin,17-Sep-12,17-Sep-12
KY-S-20003,MICHTER'S DISTILLERY LLC,Active,LOUISVILLE,2351  NEW MILLENNIUM DR ,KY,40216,5161,Jefferson,21-Dec-12,21-Dec-12
KY-S-230,JIM BEAM BRANDS CO.,Active,CLERMONT,526 HAPPY HOLLOW ROAD ,KY,40110,0,BULLITT,7-Jan-98,7-Jan-98
KY-S-3,"MAKER'S MARK DISTILLERY, INC.",Active,LORETTO,3350 BURKS SPRING RD ,KY,40037,8027,MARION,28-Oct-05,8-Sep-06
KY-S-47,FOUR ROSES DISTILLERY LLC,Active,LAWRENCEBURG,1224 BONDS MILL RD ,KY,40342,9734,ANDERSON,19-Feb-02,4-Jun-02
KY-S-768,JIM BEAM BRANDS CO.,Active,FRANKFORT,3200 GEORGETOWN RD ,KY,40601,8863,FRANKLIN,7-Jan-98,7-Jan-98
KY-S-770,"KENTUCKY BOURBON DISTILLERS, LTD.",Active,BARDSTOWN,1869 LORETTO RD ,KY,40004,2200,NELSON,30-Oct-90,30-Oct-90
KY-S-773,"BROWN-FORMAN DISTILLERY, INC.",Active,SHIVELY,2921 DIXIE  HWY ,KY,40216,0,JEFFERSON,14-Jul-88,14-Jul-88
KY-S-776,BROWN-FORMAN CORPORATION,Active,VERSAILLES,7855 MCCRACKEN PIKE ,KY,40383,9781,WOODFORD,22-Sep-95,24-Jun-97
KY-S-777,FOUR ROSES DISTILLERY LLC,Active,COX'S CREEK,"624 LOTUS ROAD, HWY 1604 ",KY,40013,0,BULLITT,19-Feb-02,4-Jun-02
KY-S-779,"HEAVEN HILL DISTILLERIES, INC.",Active,LOUISVILLE,1701 W BRECKINRIDGE ST ,KY,40210,1210,JEFFERSON,28-Apr-99,21-Jan-00
KY-S-85,"HEAVEN HILL DISTILLERIES, INC.",Active,BARDSTOWN,1064 LORETTO RD ,KY,40004,2229,NELSON,18-Mar-46,1-Jul-59
KY-S-9,"BUFFALO TRACE DISTILLERY, INC.",Active,FRANKFORT,113 GREAT BUFFALO TRACE ,KY,40601,0,FRANKLIN,13-Jul-94,13-Jul-94
LA-S-1,CELEBRATION DISTILLATION CORPORATION,Active,NEW ORLEANS,2815 FRENCHMEN ST ,LA,70122,3630,ORLEANS,1-Jan-97,22-Jul-97
LA-S-15004,"RANK WILDCAT SPIRITS, LLC",Active,LAFAYETTE,619A BONIN RD ,LA,70508,0,LAFAYETTE,10-Feb-12,10-Feb-12
LA-S-20001,"LOUISIANA SPIRITS, LLC",Active,LACASSINE,20909 SOUTH FRONTAGE RD ,LA,70650,0,JEFFERSON DAVIS PARISH,8-Feb-12,8-Feb-12
LA-S-20002,"ATELIER VIE, LLC",Active,NEW ORLEANS,1001  S BROAD ST ,LA,70125,1423,,18-Jun-12,18-Jun-12
LA-S-20003,DONNER-PELTIER DISTILLERS LLC,Active,THIBODAUX,1635  ST. PATRICK HWY ,LA,70301,0,,10-Jul-12,10-Jul-12
LA-S-20004,"LOUISIANA LIGHTNING, LLC",Active,AMITE,10571  HIGHWAY 16 ,LA,70422,4137,usa,27-Aug-12,27-Aug-12
LA-S-20005,CAJUN SPIRITS DISTILLERY LLC,Active,NEW ORLEANS,2532  POYDRAS ST ,LA,70119,0,ORLEANS,28-Sep-12,28-Sep-12
MA-S-15001,"RYAN & WOOD, INC.",Active,GLOUCESTER,15 GREAT REPUBLIC DR ,MA,1930,2276,ESSEX,1-Jun-07,1-Jun-07
MA-S-15002,"BERKSHIRE MOUNTAIN DISTILLERS, INC.",Active,SHEFFIELD,354-356 S MAIN ST ,MA,1257,0,BERKSHIRE,4-Oct-07,4-Oct-07
MA-S-15003,"BULLY BOY DISTILLERS, LLC",Active,BOSTON,35 CEDRIC ST ,MA,2119,3002,SUFFOLK,17-May-10,17-May-10
MA-S-15005,"PRIVATEER INTERNATIONAL, LLC",Active,IPSWICH,11 BRADY DR ,MA,1938,0,ESSEX,9-Dec-10,9-Dec-10
MA-S-15006,"TURKEY SHORE DISTILLERIES, LLC",Active,IPSWICH,23 HAYWARD ST ,MA,1938,2044,ESSEX,21-Mar-11,21-Mar-11
MA-S-15007,"GRANDTEN DISTILLING, LLC",Active,BOSTON,383 DORCHESTER AVE ,MA,2127,2422,SUFFOLK,28-Oct-11,28-Oct-11
MA-S-15008,AEL DISTILLERIES INC.,Active,AGAWAM,916 SUFFIELD ST ,MA,1001,0,HAMPDEN,13-Aug-12,13-Aug-12
MA-S-20002,"DAMNATION ALLEY DISTILLERY, LLC",Active,BELMONT,7 BRIGHTON ST ,MA,2478,4007,MIDDLESEX,4-Jun-12,4-Jun-12
MA-S-72,"M. S. WALKER, INC.",Active,BOSTON,300 MEADOW RD ,MA,2136,0,SUFFOLK,1-Jun-82,1-Jun-82
MA-S-96,"NASHOBA VALLEY SPIRITS, LTD.",Active,BOLTON,100 WATTAQUADOCK HILL RD ,MA,1740,1238,WORCESTER,11-May-99,11-May-99
MA-S-98,"TRIPLE EIGHT DISTILLERY, LLC",Active,NANTUCKET,5 BARTLETT FARM RD ,MA,2554,4341,NANTUCKET,18-Jun-02,30-Jan-03
MD-S-15000,"FIORE WINERY, INC.",Active,PYLESVILLE,3026 WHITEFORD RD ,MD,21132,1212,HARFORD,7-Mar-07,7-Mar-07
MD-S-15002,"BLACKWATER DISTILLING, INC.",Active,STEVENSVILLE,184 LOG CANOE CIR ,MD,21666,0,QUEEN ANNES,5-Feb-08,5-Feb-08
MD-S-17,"DIAGEO AMERICAS SUPPLY, INC.",Active,BALTIMORE,5001 WASHINGTON BLVD ,MD,21227,0,BALTIMORE,1-Jul-08,1-Jul-08
MD-S-20001,SPRINGFIELD MANOR WINERY & DISTILLERY LLC,Active,THURMONT,11836  AUBURN RD ,MD,21788,2309,Frederick,7-Jun-12,7-Jun-12
MD-S-20002,"HENRY M. WRIGHT & CO., INC.",Active,BALTIMORE,4804  BENSON AVE ,MD,21227,1501,,30-Jul-12,30-Jul-12
MD-S-561,"MONTEBELLO BRANDS, INC.",Active,BALTIMORE,1919 WILLOW SPRING RD ,MD,21222,2939,BALTIMORE,12-Jun-96,12-Jun-96
ME-S-15000,"MAINE DISTILLERIES, LLC",Active,FREEPORT,437 U S ROUTE 1 ,ME,4032,7008,CUMBERLAND,18-May-05,1-Aug-05
ME-S-15001,BARTLETT MAINE ESTATE WINERY,Active,GOULDSBORO,175 CHICKEN MILL POND RD ,ME,4607,3213,HANCOCK,20-Feb-07,20-Feb-07
ME-S-15002,ALIZARIN INC.,Active,UNION,347 CARROLL RD ,ME,4862,5833,KNOX,5-Dec-06,5-Dec-06
ME-S-15003,THE NORTHERN MAINE DISTILLING COMPANY,Active,BREWER,55 BAKER BLVD ,ME,4412,2254,PENOBSCOT,5-Mar-09,5-Mar-09
ME-S-15007,"NEW ENGLAND DISTILLING, LLC",Active,PORTLAND,26 EVERGREEN DR ,ME,4103,1066,CUMBERLAND,31-Oct-11,31-Oct-11
ME-S-20001,FERMENTATION & DISTILLATION LLC,Active,PORTLAND,250  COMMERCIAL ST ,ME,4101,4617,CUMBERLAND,17-Sep-12,17-Sep-12
ME-S-20003,MAINE CRAFT DISTILLING LLC,Active,PORTLAND,123  WASHINGTON AVE ,ME,4101,0,usa,19-Nov-12,19-Nov-12
MI-S-15000,"NEW HOLLAND BREWING COMPANY, L.L.C.",Active,HOLLAND,66 E 8TH ST ,MI,49423,3504,OTTAWA,10-Mar-05,10-Mar-05
MI-S-15001,"LIQUID MANUFACTURING, LLC",Active,BRIGHTON,6150 WHITMORE LAKE RD ,MI,48116,1926,LIVINGSTON,3-Mar-05,3-Mar-05
MI-S-15002,TEMPERANCE DISTILLING COMPANY,Active,TEMPERANCE,177 REED RD ,MI,48182,8900,MONROE,5-May-06,30-May-06
MI-S-15003,"GRAND TRAVERSE DISTILLERY, L.L.C.",Active,TRAVERSE CITY,781 INDUSTRIAL CIR ,MI,49686,8943,GRAND TRAVERSE,20-Dec-06,20-Dec-06
MI-S-15005,"AQUAMARINE SPRINGS, LLC",Active,GAYLORD,550 S WISCONSIN ,MI,49735,0,OTSEGO,23-Feb-09,23-Feb-09
MI-S-15013,"ST. JULIAN WINE COMPANY, INC.",Active,FRANKENMUTH,127 S MAIN ST ,MI,48734,1611,SAGINAW,30-Dec-09,30-Dec-09
MI-S-15014,"ST. JULIAN WINE COMPANY, INC.",Active,DUNDEE,700 FREEDOM COURT ,MI,48131,9572,MONROE,30-Dec-09,30-Dec-09
MI-S-15015,"ST. JULIAN WINE COMPANY, INC.",Active,PARMA,2110 NORTH CONCORD ROAD ,MI,49269,0,JACKSON,30-Dec-09,30-Dec-09
MI-S-15016,"ENTENTE SPIRITS, LLC",Active,UNION PIER,9185  UNION PIER RD ,MI,49129,0,BERRIEN,7-Oct-09,7-Oct-09
MI-S-15020,"BEVERAGE SOLUTION TECHNOLOGIES, LLC",Active,GRAND RAPIDS,955 KEN O SHA INDUSTRIAL PARK DR ,MI,49508,0,KENT,17-Aug-10,17-Aug-10
MI-S-15024,"FISH HOOK DISTILLING COMPANY, LLC",Active,FERNDALE,161 VESTER ST ,MI,48220,1711,OAKLAND,3-Feb-11,3-Feb-11
MI-S-15025,"JOURNEYMAN DISTILLERY, LLC",Active,THREE OAKS,109 GENERATIONS DR ,MI,49128,0,BERRIEN,28-Jan-11,28-Jan-11
MI-S-15026,"NEW HOLLAND BREWING COMPANY, L.L.C.",Active,HOLLAND,684 COMMERCE CT ,MI,49424,0,OTTAWA,14-Mar-11,14-Mar-11
MI-S-15031,"WORKING BUGS, LLC",Active,EAST LANSING,2000 MERRITT RD ,MI,48823,2921,INGHAM,10-Jan-12,10-Jan-12
MI-S-196,"ST. JULIAN WINE COMPANY, INC.",Active,PAW PAW,716 S KALAMAZOO ST ,MI,49079,1558,VAN BUREN,18-Jun-98,18-Jun-98
MI-S-197,"CHATEAU GRAND TRAVERSE, LTD.",Active,TRAVERSE CITY,12239 CENTER RD ,MI,49686,8558,GRAND TRAVERSE,16-Jul-96,21-Oct-96
MI-S-198,"WINERY AT BLACK STAR FARMS, LLC",Active,TRAVERSE CITY, ,MI,49686,1779,GRAND TRAVERSE,10-Nov-98,29-Jan-99
MI-S-20001,"NORTHERN LATITUDES DISTILLERY, LLC",Active,LAKE LEELANAU,112  E PHILIP ST ,MI,49653,9782,Leelanau,6-Jul-12,6-Jul-12
MI-S-20002,"UNCLE DON'S APPLE PIE, LLC",Active,CADILLAC,805  N MITCHELL ST ,MI,49601,1471,Wexford,10-Jul-12,10-Jul-12
MI-S-20003,"SANCTUARY BREWERY, LLC",Active,GRAND LEDGE,902  E SAGINAW HWY ,MI,48837,0,eaton,20-Aug-12,20-Aug-12
MI-S-20004,TWO JAMES SPIRITS LLC,Active,DETROIT,2445  MICHIGAN AVE ,MI,48216,1366,Wayne,20-Aug-12,20-Aug-12
MI-S-20007,"NORTHERN UNITED BREWING COMPANY, LLC",Active,DEXTER,2319  BISHOP CIRCLE EAST ,MI,48130,1567,Washtenaw,20-Nov-12,20-Nov-12
MI-S-202,"ENTENTE SPIRITS, LLC",Active,BARODA,10983 HILLS RD ,MI,49101,8742,BERRIEN,26-Jul-01,26-Apr-02
MI-S-203,"CHATEAU OPERATIONS, LTD.",Active,TRAVERSE CITY,15900 RUE DE VIN ,MI,49686,9379,GRAND TRAVERSE,1-Nov-01,15-Feb-02
MI-S-205,"UNCLE JOHN'S FRUIT HOUSE WINERY, L.L.C.",Active,SAINT JOHNS,8614 N US HIGHWAY 27 ,MI,48879,9425,CLINTON,20-Aug-03,20-Aug-03
MN-S-12,UNITED STATES DISTILLED PRODUCTS CO.,Active,PRINCETON,1607 S 12TH ST ,MN,55371,2300,MILLE LACS,29-Nov-04,11-Feb-05
MN-S-15003,COLD SPRING BREWING COMPANY,Active,COLD SPRING,219 RED RIVER AVE N,MN,56320,1624,STEARNS,14-Mar-08,14-Mar-08
MN-S-15008,"PANTHER DISTILLERY, LLC",Active,OSAKIS,300 E PIKE ST ,MN,56360,0,DOUGLAS,19-Apr-12,19-Apr-12
MN-S-20,"GLACIAL GRAIN SPIRITS, LLC",Active,BENSON,270 20TH ST NW,MN,56215,1039,SWIFT,7-Nov-03,8-Apr-06
MO-S-1,"MCCORMICK DISTILLING CO., INC.",Active,WESTON,1 MCCORMICK LN ,MO,64098,9558,PLATTE,15-Nov-04,27-Sep-05
MO-S-15003,"EAUX-DE-VIE, INC",Active,SAINT LOUIS,1727 PARK AVE ,MO,63104,2941,SAINT LOUIS CITY,19-Aug-08,19-Aug-08
MO-S-15005,COPPER RUN DISTILLERY LLC,Active,WALNUT SHADE,1901 DAY RD ,MO,65771,0,TANEY,15-Jan-09,15-Jan-09
MO-S-15006,"CROWN VALLEY WINERY, INC.",Active,SAINTE GENEVIEVE,13326 STATE RTE ,MO,63670,9001,SAINTE GENEVIEVE,29-Jun-09,29-Jun-09
MO-S-15007,"GOLDEN TRIANGLE ENERGY, LLC",Active,CRAIG,15053 HIGHWAY 111 ,MO,64437,9143,HOLT,16-May-05,16-May-05
MO-S-15010,CHEMISPHERE CORPORATION,Active,SAINT LOUIS,2101 CLIFTON AVE ,MO,63139,0,SAINT LOUIS CITY,26-Jul-07,26-Jul-07
MO-S-15012,"ST. LOUIS DISTILLERY, LLC",Active,SAINT CHARLES,755 FRIEDENS RD ,MO,63303,3815,SAINT CHARLES,18-Feb-11,18-Feb-11
MO-S-15013,ARTISAN SPIRITS LLC,Active,NEW HAVEN,1101 B MILLER ST ,MO,63068,0,FRANKLIN,13-Jun-11,13-Jun-11
MO-S-15014,"MISSOURI SPIRITS HOUSE, LLC",Active,SPRINGFIELD,507 W WALNUT ,MO,65806,0,GREENE,30-Nov-11,30-Nov-11
MO-S-15015,STILLJOY SPIRITS INC.,Active,SAINT LOUIS,2331 WELDON PKWY ,MO,63146,3207,SAINT LOUIS,27-Jan-12,27-Jan-12
MO-S-2,"LUXCO, INC.",Active,SAINT LOUIS,5050 KEMPER AVE ,MO,63139,1106,SAINT LOUIS CITY,30-Sep-04,3-Dec-04
MO-S-20,MISSOURI STATE UNIVERSITY,Active,MOUNTAIN GROVE, ,MO,65711,2999,WRIGHT,3-Mar-03,3-Mar-03
MO-S-20001,"STRONG SPIRITS DISTILLING, INC.",Active,PARKVILLE,8500  NW RIVER PARK DR ,MO,64152,4443,Platte,16-Jul-12,16-Jul-12
MO-S-20002,"T'S REDNECK STEAKHOUSE, INC.",Active,LEBANON,221  EVERGREEN PKWY ,MO,65536,7361,Laclede,20-Jul-12,20-Jul-12
MO-S-20003,"OF THE EARTH FARM DISTILLERY, LLC",Active,RAYVILLE,38391  W 176TH ST ,MO,64084,8196,Ray,17-Aug-12,17-Aug-12
MO-S-20004,"STILL 630, LLC",Active,SAINT LOUIS,1000  S 4TH ST ,MO,63104,3612,,17-Aug-12,17-Aug-12
MO-S-20005,REECE'S DISTILLED SPIRITS LLC,Active,NIXA,1075  W KATHRYN ST ,MO,65714,0,Christian,4-Sep-12,4-Sep-12
MO-S-20007,"OZARK DISTILLERY, LLC",Active,OSAGE BEACH,1684  KK HWY ,MO,65065,4815,Camden,26-Dec-12,26-Dec-12
MO-S-22,AUGUSTA WINE COMPANY,Active,AUGUSTA,201 MONTELLE DR ,MO,63332,1518,SAINT CHARLES,28-Sep-04,28-Sep-04
MS-S-15000,"BOTTLE TREE BEVERAGE COMPANY, LLC",Active,JACKSON,422 S FARISH ST ,MS,39201,0,HINDS,6-Oct-10,6-Oct-10
MT-S-15002,"YELLOWSTONE VALLEY BREWING, LLC",Active,BILLINGS,2123-B 1ST AVE N,MT,59101,2404,YELLOWSTONE,30-Oct-08,30-Oct-08
MT-S-15007,"SWANSON'S MOUNTAIN VIEW DISTILLERY, LLC",Active,CORVALLIS,1775 MOUNTAIN VIEW ORCHARD RD ,MT,59828,9661,RAVALLI,7-Jan-11,7-Jan-11
MT-S-15008,"WHISTLING ANDY, INC.",Active,BIGFORK,8541 MT HIGHWAY 35 ,MT,59911,3715,FLATHEAD,8-Nov-10,8-Nov-10
MT-S-15009,"GLACIER DISTILLING, LLC",Active,CORAM,10237 HWY 2 E ,MT,59913,0,FLATHEAD,28-Dec-10,28-Dec-10
MT-S-15010,"HEADFRAME SPIRITS, INC.",Active,BUTTE,21 S MONTANA ST ,MT,59701,1641,SILVER BOW,3-Aug-11,3-Aug-11
MT-S-15011,"MONTGOMERY DISTILLERY, INC.",Active,MISSOULA,129 W FRONT ST ,MT,59802,4303,MISSOULA,31-Oct-11,31-Oct-11
MT-S-20001,"BOOTLEG DISTILLERY, INC.",Active,BILLINGS,2314  MONTANA AVE ,MT,59101,2420,Yellowstone,1-May-12,1-May-12
MT-S-20002,"WILLIE'S DISTILLERY, INC.",Active,ENNIS,312  E ENNIS ST ,MT,59729,0,,20-Jul-12,20-Jul-12
MT-S-20003,"TEN MILE DISTILLING, LLC",Active,HELENA,790  FRONT ST ,MT,59601,9,Lewis and Clark,10-Dec-12,10-Dec-12
NC-S-15003,"CAROLINA DISTILLERY, LLC",Active,LENOIR,1001 WEST AVE NW,NC,28645,5126,CALDWELL,17-Nov-09,17-Nov-09
NC-S-15004,THE MAUNEY GROUP LLC,Active,KINGS MOUNTAIN,405 S CANSLER ST ,NC,28086,0,CLEVELAND,22-Nov-09,22-Nov-09
NC-S-15005,"ENOCH WINERY, L.L.C.",Active,BENSON,3735 NC HIGHWAY 50 S,NC,27504,8649,JOHNSTON,26-Apr-10,26-Apr-10
NC-S-15009,THE COPPER STILL LLC,Active,ASHEVILLE,42 OLD ELK MOUNTAIN RD ,NC,28804,2070,BUNCOMBE,22-Aug-11,22-Aug-11
NC-S-15010,"AZURE SKYE BEVERAGES, INC",Active,CHARLOTTE,5253 OLD DOWD  RD ,NC,28208,7394,MECKLENBURG,14-Nov-11,14-Nov-11
NC-S-15011,"BROADSLAB DISTILLERY, LLC",Active,BENSON,4682 NC HWY 50 S,NC,27504,8637,JOHNSTON,21-Oct-11,21-Oct-11
NC-S-15012,"BLUE RIDGE DISTILLING CO., INC.",Active,BOSTIC,228 REDBUD LN ,NC,28018,0,RUTHERFORD,14-Feb-12,14-Feb-12
NC-S-15013,MUDDY RIVER DISTILLERY LLC,Active,BELMONT,1500 RIVER DR ,NC,28012,3578,GASTON,23-Jan-12,23-Jan-12
NC-S-15014,TOP SPIRITS LLC,Active,CHAPEL HILL,505C W FRANKLIN ST ,NC,27516,0,ORANGE,1-Feb-12,1-Feb-12
NC-S-15015,ASHEVILLE DISTILLING COMPANY,Active,ASHEVILLE,12 OLD CHARLOTTE  HWY ,NC,28803,0,BUNCOMBE,23-Feb-12,23-Feb-12
NC-S-15016,"MOTHER EARTH BREWING, LLC",Active,KINSTON,302 MITCHELL ST ,NC,28501,0,LENOIR,31-Aug-12,31-Aug-12
NC-S-20001,"TOBACCO ROAD DISTILLERS, INC.",Active,CLINTON,605  WARSAW HWY ,NC,28328,0,Sampson,27-Feb-12,27-Feb-12
NC-S-20002,COVINGTON SPIRITS LLC,Active,SNOW HILL,310  KINGOLD BLVD ,NC,28580,1306,greene,10-Jul-12,10-Jul-12
NC-S-20003,"WINDSOR RUN CELLARS, INC.",Active,HAMPTONVILLE,6531  WINDSOR RD ,NC,27020,7916,Yadkin,31-Jul-12,31-Jul-12
NC-S-20004,BROTHERS VILGALYS SPIRITS LLC,Active,DURHAM,803  RAMSEUR ST ,NC,27701,0,,31-Aug-12,31-Aug-12
NC-S-20005,"PETZOLD DISTILLERIES, LLC",Active,MARSHALL,6461  HIGHWAY 212 ,NC,28753,7560,United States of America,18-Oct-12,18-Oct-12
NC-S-4,"PIEDMONT DISTILLERS, INC.",Active,MADISON,3960 US HIGHWAY 220 ,NC,27025,0,ROCKINGHAM,8-Dec-99,5-May-05
ND-S-15001,"MAPLE RIVER DISTILLERY, LLC",Active,CASSELTON,4 LANGER AVE N,ND,58012,0,CASS,28-Aug-09,28-Aug-09
ND-S-15002,"POINTE OF VIEW WINERY, L.L.C.",Active,BURLINGTON,8413 19TH AVE NW,ND,58722,9550,WARD,18-Dec-09,18-Dec-09
ND-S-15003,"MOON RIVER DISTILLERY, INC.",Active,PARK RIVER,6966 HIGHWAY 18 ,ND,58270,9352,WALSH,26-Oct-11,26-Oct-11
NE-S-15003,"CUT SPIKE DISTILLERY, LLC",Active,LA VISTA,11941 CENTENNIAL RD ,NE,68128,5623,SARPY,23-Jun-09,23-Jun-09
NE-S-15004,"NEBRASKA CORN PROCESSING, LLC",Active,CAMBRIDGE,107 POTTER  ST ,NE,69022,6539,FURNAS,28-Jan-10,1-Apr-10
NH-S-15005,"FABRIZIA SPIRITS, LLC",Active,SALEM,2 INDUSTRIAL WAY ,NH,3079,5856,ROCKINGHAM,7-Mar-12,7-Mar-12
NH-S-15006,THE SEA HAGG DISTILLERY LLC,Active,NORTH HAMPTON,135 LAFAYETTE RD ,NH,3862,2446,ROCKINGHAM,6-Apr-12,6-Apr-12
NJ-S-15001,ATLANTIC BOTTLING LLC,Active,OCEAN,23 CINDY LN ,NJ,7712,7277,MONMOUTH,20-Aug-10,20-Aug-10
NJ-S-15004,LLOYD'S ORIGINAL INC,Active,TINTON FALLS,3068 SHAFTO RD ,NJ,7753,7552,MONMOUTH,17-Jun-10,17-Jun-10
NJ-S-20001,"COOPER RIVER DISTILLERS, LLC",Active,CAMDEN,34  N 4TH ST ,NJ,8102,0,Camden,13-Nov-12,13-Nov-12
NJ-S-3,"PRIDE CHEMICAL SOLUTIONS OF N.J., INC.",Active,AVENEL,211 RANDOLPH AVE ,NJ,7001,0,MIDDLESEX,1-Jun-04,7-Jul-04
NJ-S-574,"THE BLACK PRINCE DISTILLERY, INC.",Active,CLIFTON,691 CLIFTON  AVE ,NJ,7015,0,PASSAIC,7-Nov-08,7-Nov-08
NJ-S-582,"WILLIAM GRANT & SONS, INC.",Active,EDISON,130 FIELDCREST AVE ,NJ,8837,3620,MIDDLESEX,28-Dec-84,28-Dec-84
NJ-S-60,LAIRD & COMPANY,Active,SCOBEYVILLE,1 LAIRD RD ,NJ,7724,9724,MONMOUTH,27-Oct-10,27-Oct-10
NM-S-15005,"DOLIN DISTILLERY, INC.",Active,LOS ALAMOS,236 RIO BRAVO ,NM,87544,3847,LOS ALAMOS,28-Jan-09,28-Jan-09
NM-S-15006,"KGB SPIRITS, LLC",Active,ALCALDE,183 COUNTY ROAD 41 ,NM,87511,0,RIO ARRIBA,20-Jul-09,20-Jul-09
NM-S-15008,"SANTA FE DISTILLERY, L.L.C.",Active,SANTA FE,7505 MALLARD  WAY ,NM,87507,9194,SANTA FE,29-Sep-10,29-Sep-10
NM-S-20001,LITTLE TOAD CREEK LLC,Active,SILVER CITY,203  S MILL RD ,NM,88049,0,,26-Dec-12,26-Dec-12
NV-S-1,"EGGNOG,  LLC",Active,RENO,1345 W 4TH ST ,NV,89503,5147,WASHOE,27-Jul-09,27-Jul-09
NV-S-15002,NLV TEQUILA BOTTLING LLC,Active,NORTH LAS VEGAS,730 W CHEYENNE  AVE ,NV,89030,0,CLARK,6-Jul-09,6-Jul-09
NV-S-15004,"LAS VEGAS DISTILLERY, LLC",Active,HENDERSON,7330 EASTGATE RD ,NV,89011,4048,CLARK,13-Jan-11,13-Jan-11
NV-S-15005,"CONTINUUM PACKING SOLUTIONS, LLC",Active,MINDEN,2232 MERIDIAN  BLVD ,NV,89423,0,DOUGLAS,5-Aug-11,5-Aug-11
NV-S-15006,NEVADA DISTILLING COMPANY LLC,Active,LAS VEGAS,418 W MESQUITE AVE ,NV,89106,4606,CLARK,1-Mar-12,1-Mar-12
NY-S-1,KINGS ACTION GROUP CORP.,Active,BROOKLYN,4100 1ST AVE ,NY,11232,3303,KINGS,14-May-02,14-May-02
NY-S-15000,"TUTHILLTOWN SPIRITS, LLC",Active,GARDINER,14 GRIST MILL LAND ,NY,12525,0,ULSTER,29-Jun-05,29-Jun-05
NY-S-15001,"DEMAREST HILL WINERY, INC.",Active,WARWICK,81 PINE ISLAND TPKE ,NY,10990,2710,ORANGE,19-Jan-06,19-Jan-06
NY-S-15002,"ROBERT MAZZA,  INC.",Active,WESTFIELD,8398 W ROUTE 20 ,NY,14787,0,CHAUTAUQUA,17-Nov-05,17-Nov-05
NY-S-15004,"ROCK STREAM VINEYARDS, LLC",Active,ROCK STREAM,162 FIR TREE POINT  RD ,NY,14878,9700,SCHUYLER,14-Mar-06,14-Mar-06
NY-S-15009,"MAGNANINI FARM WINERY, INC.",Active,WALLKILL,172 STRAWRIDGE RD ,NY,12589,3905,ULSTER,30-Oct-07,30-Oct-07
NY-S-15010,"HARVEST SPIRITS, LLC",Active,VALATIE,3074 U S ROUTE 9 ,NY,12184,0,COLUMBIA,26-May-10,26-May-10
NY-S-15014,"LONG ISLAND SPIRITS, INC.",Active,BAITING HOLLOW,2182 SOUND AVE ,NY,11933,1280,SUFFOLK,9-Apr-10,9-Apr-10
NY-S-15015,"LAKE PLACID SPIRITS, LLC",Active,LAKE PLACID,5740 CASCADE RD ,NY,12946,0,ESSEX,25-Jan-08,25-Jan-08
NY-S-15017,CHERYL AMBER LINS,Active,WALTON,144  DELAWARE ST ,NY,13856,1347,DELAWARE,14-Aug-08,14-Aug-08
NY-S-15018,FINGER LAKES DISTILLING LLC,Active,BURDETT,4676 NYS ROUTE 414 ,NY,14818,0,SCHUYLER,18-Aug-08,18-Aug-08
NY-S-15023,KINGS COUNTY DISTILLERY LLC,Active,BROOKLYN,63 FLUSHING AVE ,NY,11205,1069,KINGS,5-Oct-09,5-Oct-09
NY-S-15024,"HIGH FALLS OPERATING CO, LLC",Active,ROCHESTER,445 ST. PAUL ST ,NY,14605,1726,MONROE,18-Nov-09,18-Nov-09
NY-S-15025,"NEW YORK DISTILLING COMPANY, LLC",Active,BROOKLYN,405 LEONARD ST ,NY,11222,0,KINGS,12-Feb-10,12-Feb-10
NY-S-15026,STILLTHEONE DISTILLERY LLC,Active,PORT CHESTER,1 MARTIN PL ,NY,10573,0,WESTCHESTER,12-Feb-10,12-Feb-10
NY-S-15027,SARATOGA DISTILLERIES INC.,Active,GALWAY,2474  OLD MILL RD ,NY,12074,2315,SARATOGA,12-May-10,12-May-10
NY-S-15028,BREUCKELEN DISTILLING COMPANY INCORPORATED,Active,BROOKLYN,75-77 19TH ST ,NY,11232,0,KINGS,4-Jun-10,4-Jun-10
NY-S-15029,"CATSKILL DISTILLING COMPANY, LTD.",Active,BETHEL,2037 RTE 17 B ,NY,12720,5510,SULLIVAN,18-May-10,18-May-10
NY-S-15030,"KYMAR FARM WINERY AND DISTILLERY, LLC",Active,CHARLOTTEVILLE,102 BINDERY LN ,NY,12036,0,SCHOHARIE,10-Nov-11,10-Nov-11
NY-S-15031,"DUDUKJU, LLC",Active,WURTSBORO,385 GUMAER FALLS RD ,NY,12790,5230,SULLIVAN,1-Apr-11,1-Apr-11
NY-S-15032,"MOTT'S LLP, AMERICAS BEVERAGES MANAGEMENT GP",Active,WILLIAMSON,4363 STATE ROUTE 104 ,NY,14589,9332,WAYNE,19-Oct-10,19-Oct-10
NY-S-15033,CREAMY CREATION LLC,Active,BATAVIA,24 MASSE PL ,NY,14020,0,GENESEE,7-Oct-10,7-Oct-10
NY-S-15034,BROOKLYN SPIRITS LLC,Active,BROOKLYN,1827 PACIFIC ST ,NY,11211,0,KINGS,24-Aug-10,24-Aug-10
NY-S-15039,BARON NAHMIAS INC.,Active,YONKERS,201 SAW MILL RIVER RD ,NY,10701,5711,WESTCHESTER,27-May-11,27-May-11
NY-S-15040,HILLROCK LLC,Active,ANCRAM,408 POOLES HILL RD ,NY,12502,5410,COLUMBIA,15-Aug-11,15-Aug-11
NY-S-15041,"CACAO PRIETO, LLC",Active,BROOKLYN,218 CONOVER ST ,NY,11231,1119,KINGS,26-Oct-11,26-Oct-11
NY-S-15042,"SHINN WINERY, LLC",Active,MATTITUCK,2000 OREGON RD ,NY,11952,1762,SUFFOLK,11-Jul-11,11-Jul-11
NY-S-15043,GREEN FARMS II LLC,Active,BROOKLYN,208 DUPONT ST ,NY,11222,1241,KINGS,24-Aug-11,24-Aug-11
NY-S-15044,"THE ALBANY DISTILLING COMPANY, INC.",Active,ALBANY,78 MONTGOMERY ST ,NY,12207,0,ALBANY,11-Oct-11,11-Oct-11
NY-S-15045,FOUR BROTHERS DISTILLING COMPANY LLC,Active,NORTH BRANCH,394 N BRANCH CALLICOON CENTER RD ,NY,12766,0,SULLIVAN,3-Nov-11,3-Nov-11
NY-S-15046,PORT MORRIS DISTILLERY INC.,Active,BRONX,780 E 133RD ST ,NY,10454,3503,BRONX,7-Mar-12,7-Mar-12
NY-S-15047,VAN BRUNT STILLHOUSE LLC,Active,BROOKLYN,6 BAY ST ,NY,11231,0,KINGS,9-Dec-11,9-Dec-11
NY-S-15048,"PLOW & FIDDLE SPIRITS, LLC",Active,OVID,7350 STATE ROUTE 89 ,NY,14521,9559,SENECA,16-Apr-12,16-Apr-12
NY-S-15049,JACKFROMBROOKLYN INCORPORATED,Active,BROOKLYN,177 DWIGHT ST ,NY,11231,1549,KINGS,15-Feb-12,15-Feb-12
NY-S-15051,"COPPERSEA DISTILLING, LLC",Active,NEW PALTZ,239 SPRINGTOWN RD ,NY,12561,0,ULSTER,24-Jul-12,24-Jul-12
NY-S-15052,"SOUTHERN TIER DISTILLING, LLC",Active,LAKEWOOD,2051 A STONEMAN CIR ,NY,14750,0,CHAUTAUQUA,1-Oct-12,1-Oct-12
NY-S-20001,INDUSTRY CITY DISTILLERY INC.,Active,BROOKLYN,33 35TH ST ,NY,11232,2210,USA,16-Dec-11,16-Dec-11
NY-S-20002,"THE NOBLE EXPERIMENT NYC, LLC",Active,BROOKLYN,23  MEADOW ST ,NY,11206,1710,KINGS,24-Feb-12,24-Feb-12
NY-S-20003,THE ADIRONDACK DISTILLING COMPANY INC.,Active,UTICA,601  VARICK ST ,NY,13502,0,Oneida,12-Mar-12,12-Mar-12
NY-S-20004,O'BEGLEYS LLC,Active,PITTSFORD,A1 COUNTRY CLUB RD ,NY,14534,0,MONROE,19-Mar-12,19-Mar-12
NY-S-20005,"CELK DISTILLING, LLC",Active,WILLIAMSON,3274 EDDY RD ,NY,14589,0,WAYNE,8-Jun-12,8-Jun-12
NY-S-20006,HOMETOWN BREW LLC,Active,ROCHESTER,850 N SAINT PAUL ST ,NY,14605,1065,US,6-Jul-12,6-Jul-12
NY-S-20007,"PROOF OF CONCEPT, LLC",Active,BROOKLYN,67  35TH ST ,NY,11232,0,Kings,13-Aug-12,13-Aug-12
NY-S-20008,FREDERICK AND FLORENCE LUCKEY,Active,GREENWICH,112  MOUNTAIN RD ,NY,12834,7802,Washington,14-Aug-12,14-Aug-12
NY-S-20009,JONATHAN ROSEMYER,Active,FORT PLAIN,55  WILLETT ST ,NY,13339,0,Montgomery,17-Aug-12,17-Aug-12
NY-S-251,"SHLOIME'S SLIVOVITZ, INC.",Active,MONROE,18 QUICKWAY RD ,NY,10950,3811,ORANGE,14-Nov-89,2-Mar-90
NY-S-252,"O-AT-KA MILK PRODUCTS COOPERATIVE, INC.",Active,BATAVIA,4815 ELLICOTT ST ,NY,14020,3409,GENESEE,22-Feb-94,22-Feb-94
NY-S-253,"KNAPP FARMS, INC.",Active,ROMULUS,2770 COUNTY ROAD 128  ,NY,14541,0,SENECA,16-Mar-05,16-Mar-05
NY-S-256,ALLIED WINE CORP.,Active,ELLENVILLE,70 BERME RD ,NY,12428,0,ULSTER,18-Dec-98,14-Jan-99
NY-S-7,"WARWICK VALLEY WINE CO., INC.",Active,WARWICK,114 LITTLE YORK RD ,NY,10990,2231,ORANGE,30-Apr-04,19-Sep-03
OH-S-15000,"SHARP INDUSTRIAL TOOLS, INC.",Active,MARTINSVILLE,414 CEMETARY RD ,OH,45146,9654,CLINTON,2-Oct-06,2-Oct-06
OH-S-15001,WOEBER MUSTARD MANUFACTURING COMPANY,Active,SPRINGFIELD,1966 COMMERCE CIR ,OH,45504,2012,CLARK,24-Jul-07,24-Jul-07
OH-S-15008,"TOMSFOOLERY, LLC",Active,CHAGRIN FALLS,7150 COUNTRY  LN ,OH,44023,1302,GEAUGA,27-Oct-08,27-Oct-08
OH-S-15009,BUCKEYE DISTILLERY INC.,Active,TIPP CITY,130 W PLUM ST ,OH,45371,1843,MIAMI,31-Dec-09,31-Dec-09
OH-S-15010,"VERIANO FINE FOODS & SPIRITS, LTD",Active,NEW ALBANY,5775 ZARLEY ST ,OH,43054,9282,FRANKLIN,3-May-10,3-May-10
OH-S-15012,"MIDDLE WEST SPIRITS, LLC",Active,COLUMBUS,1230 COURTLAND AVE ,OH,43201,2829,FRANKLIN,25-Feb-10,25-Feb-10
OH-S-15013,WATERSHED DISTILLERY LLC,Active,COLUMBUS,1145 CHESAPEAKE AVE ,OH,43212,2284,FRANKLIN,1-Sep-10,1-Sep-10
OH-S-15014,SEVEN BROTHERS DISTILLING COMPANY,Active,PAINESVILLE,7755 BRAKEMAN RD ,OH,44077,8879,LAKE,13-Dec-10,13-Dec-10
OH-S-15015,"CRYSTAL SPIRITS, LLC",Active,DAYTON,827 S PATTERSON BLVD ,OH,45402,2622,MONTGOMERY,12-Jan-11,12-Jan-11
OH-S-15016,"DANCING TREE, LLC",Active,SHADE,41625 BEARWALLOW RIDGE RD ,OH,45776,9545,ATHENS,9-May-11,9-May-11
OH-S-15018,"S AND G ARTISAN DISTILLERY, LLC",Active,YELLOW SPRINGS,305 N WALNUT ST ,OH,45387,0,GREENE,29-Sep-11,29-Sep-11
OH-S-15019,FLAT ROCK SPIRITS LLC,Active,FAIRBORN,5380 INTRASTATE DR ,OH,45324,6163,GREENE,2-Nov-11,2-Nov-11
OH-S-15020,"SOUTH RIVER VINEYARD, INC.",Active,GENEVA,6202 S RIVER RD ,OH,44041,9398,ASHTABULA,5-Mar-12,5-Mar-12
OH-S-15021,"ERNEST A SCARANO, JR.",Active,FREMONT,4487 STATE ROUTE 6 (HAYES AVE) ,OH,43420,0,SANDUSKY,30-Mar-12,30-Mar-12
OH-S-15022,INDIAN CREEK DISTILLERY LLC,Active,NEW CARLISLE,7095 STALEY RD ,OH,45344,9416,CLARK,25-May-12,25-May-12
OH-S-15023,"WOLF CREEK VINEYARDS, INC.",Active,NORTON,2637 CLEVELAND MASSILLON RD ,OH,44203,6417,SUMMIT,26-Apr-12,26-Apr-12
OH-S-15024,"MEIER'S WINE CELLARS, INC.",Active,SILVERTON,6955  PLAINFIELD  RD ,OH,45236,3733,HAMILTON,1-Jan-13,1-Jan-13
OH-S-20001,CLEVELAND WHISKEY LLC,Active,CLEVELAND,1768  E 25TH ST ,OH,44114,4418,Cuyahoga,13-Mar-12,13-Mar-12
OH-S-20002,"DJK CREATIONS, LLC",Active,CLEVELAND,983 FRONT AVE ,OH,44113,1030,CUYAHOGA,10-Sep-12,10-Sep-12
OH-S-20003,ERIE SPIRITS INC.,Active,STRONGSVILLE,8377  PEARL RD ,OH,44136,1637,Cuyahoga,5-Nov-12,5-Nov-12
OH-S-20004,MAIN STREET GRILLE & BREWING COMPANY LLC,Active,GARRETTSVILLE,10724  SOUTH ST ,OH,44231,0,Portage,20-Nov-12,20-Nov-12
OH-S-237,"LUXCO, INC.",Active,CLEVELAND,3116 BEREA RD ,OH,44111,1501,CUYAHOGA,1-Jan-13,1-Jan-13
OH-S-239,"OUTTERSON, LLC",Active,CINCINNATI,4712 VINE ST ,OH,45217,0,HAMILTON,6-Jun-00,11-Jul-00
OH-S-240,"STEARNS & LEHMAN, INC",Active,MANSFIELD,30 PARAGON PKWY ,OH,44903,8074,RICHLAND,11-Apr-05,11-Apr-05
OK-S-20001,PRAIRIE WOLF SPIRITS LLC,Active,GUTHRIE,124  E OKLAHOMA AVE ,OK,73044,3243,UNITED STATES,29-Jun-12,29-Jun-12
OR-S-124,"BRANDY PEAK DISTILLERY & WINERY, INC.",Active,BROOKINGS,18526 TETLEY RD ,OR,97415,7121,CURRY,20-Apr-94,20-Apr-94
OR-S-125,"BENDISTILLERY, INC.",Active,BEND,19330 PINEHURST  RD ,OR,97703,0,DESCHUTES,18-Jun-96,18-Jun-96
OR-S-127,"MCMENAMINS, INC.",Active,TROUTDALE,2126 SW HALSEY ST ,OR,97060,1026,MULTNOMAH,25-Mar-98,25-Mar-98
OR-S-128,ROGUE RIVER BREWING COMPANY,Active,PORTLAND,1339 NW FLANDERS ST ,OR,97209,2619,MULTNOMAH,12-Mar-03,12-Mar-03
OR-S-131,NEW DEAL DISTILLERY LLC,Active,PORTLAND,900 SE SALMON ,OR,97214,0,MULTNOMAH,15-Jun-04,15-Jun-04
OR-S-15000,ANDERS S. JOHANSEN,Active,MCMINNVILLE,1805 NEHEMIAH LN ,OR,97128,9051,YAMHILL,7-Oct-04,7-Oct-04
OR-S-15005,"NORTHWEST DISTILLERY, INC.",Active,WARREN,32914 CHURCH RD ,OR,97053,9760,COLUMBIA,29-Mar-06,29-Mar-06
OR-S-15007,OREGON BREWING COMPANY,Active,NEWPORT,2122 SE MARINE SCIENCE  DR ,OR,97365,5258,LINCOLN,3-Aug-06,3-Aug-06
OR-S-15009,"TORII MOR WINERY, L.L.C.",Active,DUNDEE,18365 NE FAIRVIEW DR ,OR,97115,9112,YAMHILL,29-Aug-06,29-Aug-06
OR-S-15014,"CASCADE PEAK SPIRITS, INC.",Active,ASHLAND,280 E HERSEY ST ,OR,97520,1293,JACKSON,31-Dec-07,31-Dec-07
OR-S-15017,STE. MICHELLE WINE ESTATES LTD.,Active,DUNDEE,9409 NE WORDEN HILL RD ,OR,97115,9146,YAMHILL,20-Aug-08,20-Aug-08
OR-S-15018,"VINN DISTILLERY, INC.",Active,WILSONVILLE,7990 SW BOECKMAN RD ,OR,97070,5769,CLACKAMAS,5-Sep-10,25-Mar-11
OR-S-15020,LIL'BIT DISTILLERY INC,Active,WOODBURN,1501 NE INDUSTRIAL AVE ,OR,97071,7632,MARION,4-Mar-09,4-Mar-09
OR-S-15021,"EASTSIDE DISTILLING, LLC",Active,PORTLAND,1512 SE 7TH AVE ,OR,97214,3411,MULTNOMAH,29-Jun-09,29-Jun-09
OR-S-15023,"STEIN DISTILLERY, INC",Active,JOSEPH,604 NORTH MAIN STREET ,OR,97846,0,WALLOWA,12-May-09,12-May-09
OR-S-15025,"STONE BARN BRANDYWORKS, LLC",Active,PORTLAND,3315 SE 19TH AVE ,OR,97202,2363,MULTNOMAH,28-Oct-09,28-Oct-09
OR-S-15027,MAVERICK SPIRIT LLC,Active,BEND,740 NE 1ST ST ,OR,97701,0,DESCHUTES,1-Apr-10,1-Apr-10
OR-S-15028,GALLAGHER & CARINI LLC,Active,MEDFORD,3582 S PACIFIC HWY ,OR,97501,0,JACKSON,24-May-10,24-May-10
OR-S-15029,BLACK ROCK DISTILLERY LLC,Active,SPRAY,32405 HWY 19 207 ,OR,97874,8251,WHEELER,22-Apr-10,22-Apr-10
OR-S-15030,MICHAEL RYAN WEBSTER / ERIC JOSEPH WEBSTER,Active,BROOKINGS,701  RAILROAD AVE ,OR,97415,0,CURRY,12-Oct-10,12-Oct-10
OR-S-15031,"YOGD, LLC",Active,SAINT HELENS,35855 INDUSTRIAL WAY ,OR,97051,6234,COLUMBIA,2-Aug-10,2-Aug-10
OR-S-15032,"BIG BOTTOM DISTILLING, LLC",Active,HILLSBORO,21420D NW NICHOLAS CT ,OR,97124,6689,WASHINGTON,23-Jul-10,23-Jul-10
OR-S-15034,"DELLA TERRA, LLC",Active,ROSEBURG,240 VINEYARD LN ,OR,97471,9097,DOUGLAS,20-Sep-10,20-Sep-10
OR-S-15036,4 SPIRITS DISTILLERY LLC,Active,CORVALLIS,3405  SW DESCHUTES ST ,OR,97333,0,BENTON,14-Sep-10,14-Sep-10
OR-S-15038,"DOGWOOD DISTILLING, LLC",Active,FOREST GROVE,1835 19TH AVE ,OR,97116,0,WASHINGTON,1-Jan-13,25-Feb-13
OR-S-15040,"ELIXIR, INC.",Active,EUGENE,1050 BETHEL DR ,OR,97402,2064,LANE,14-Jun-11,14-Jun-11
OR-S-15041,DISTILLING HEAD L.L.C.,Active,PORTLAND,4329 #B NE KILLINGSWORTH ,OR,97218,0,MULTNOMAH,28-Apr-11,28-Apr-11
OR-S-15042,"MCMENAMINS, INC.",Active,HILLSBORO,4045 NW CORNELIUS PASS RD ,OR,97124,9367,WASHINGTON,14-Jun-11,14-Jun-11
OR-S-15043,HOUSE SPIRITS DISTILLERY LLC,Active,PORTLAND,68 SE STARK ST ,OR,97214,0,MULTNOMAH,20-Jun-11,20-Jun-11
OR-S-15044,"ALCHEMICAL SOLUTIONS, LLC",Active,ASHLAND,650 MISTLETOE RD ,OR,97520,0,JACKSON,5-May-11,23-Nov-11
OR-S-15045,VERACITY SPIRITS LLC,Active,CORVALLIS,720 NE GRANGER AVE ,OR,97330,9004,BENTON,31-Aug-11,31-Aug-11
OR-S-15046,"GLASER ESTATE WINERY, LLC",Active,ROSEBURG,213 INDEPENDENCE LN ,OR,97471,9540,DOUGLAS,15-Feb-12,15-Feb-12
OR-S-15047,HARRIS BRIDGE VINEYARD LLC,Active,PHILOMATH,22937 HARRIS RD ,OR,97370,6703,BENTON,10-Nov-11,10-Nov-11
OR-S-15048,BULL RUN DISTILLERY LLC,Active,PORTLAND,2259 NW QUIMBY ST ,OR,97210,2765,MULTNOMAH,6-Oct-11,6-Oct-11
OR-S-15050,"PACIFICK DISTILLERS, INC.",Active,ASTORIA,1 4TH ST ,OR,97103,4339,CLATSOP,15-Mar-12,15-Mar-12
OR-S-15052,"INDUSTRIAL ROW DISTILLERY, LLC",Active,PORTLAND,645 N TILLAMOOK ST ,OR,97227,1827,MULTNOMAH,11-May-12,11-May-12
OR-S-20001,"CANNON BEACH DISTILLERY, LLC",Active,CANNON BEACH,1315  S HEMLOCK ST ,OR,97110,0,Clatsop,2-May-12,2-May-12
OR-S-20002,"INDIO SPIRITS, INC.",Active,PORTLAND,7272  SW DURHAM RD ,OR,97224,7560,USA,11-Oct-12,11-Oct-12
OR-S-20003,"ALBANY STEAMWORKS, LLC",Active,ALBANY,635  NE WATER AVE ,OR,97321,2764,Linn,26-Dec-12,26-Dec-12
OR-S-581,"HOOD RIVER DISTILLERS, INC.",Active,HOOD RIVER,660 RIVERSIDE DR ,OR,97031,1177,HOOD RIVER,22-May-63,22-May-63
PA-S-15000,PHILADELPHIA DISTILLING LLC,Active,PHILADELPHIA,1000-1052 FRANKFORD AVE ,PA,19123,0,PHILADELPHIA,28-Nov-07,28-Nov-07
PA-S-15002,"PENNSYLVANIA PURE DISTILLERIES, LLC",Active,GLENSHAW,1101 WILLIAM FLYNN HWY ,PA,15116,2637,ALLEGHENY,20-Feb-08,20-Feb-08
PA-S-15003,"POLYSCIENCES, INC.",Active,WARRINGTON,400 VALLEY RD ,PA,18976,2522,BUCKS,25-Nov-08,25-Nov-08
PA-S-15006,"MOUNTAIN LAUREL SPIRITS, LLC",Active,BRISTOL,925 CANAL ST ,PA,19007,3930,BUCKS,10-Aug-11,10-Aug-11
PA-S-15007,"PITTSBURGH DISTILLING COMPANY, LLC",Active,PITTSBURGH,2401 SMALLMAN ST ,PA,15222,4673,ALLEGHENY,30-Aug-11,30-Aug-11
PA-S-15008,"FOXBURG WINE CELLARS, INC.",Active,FOXBURG,65 MAIN ST ,PA,16036,0,CLARION,16-Dec-11,16-Dec-11
PA-S-15009,"NAOJ & MOT, INC.",Active,PHILADELPHIA,2519-21 MOORE ST ,PA,19145,0,PHILADELPHIA,28-Oct-11,28-Oct-11
PA-S-20001,MIDNIGHT MADNESS DISTILLING LLC,Active,MILFORD TWP,2300  TRUMBAUERSVILLE RD ,PA,18951,0,Bucks,1-Nov-12,1-Nov-12
PA-S-44,"CHARLES JACQUIN ET CIE., INC.",Active,PHILADELPHIA,2655 TRENTON AVE ,PA,19125,1837,PHILADELPHIA,15-Apr-81,15-Apr-81
RI-S-15000,"COASTAL EXTREME BREWING CO., LLC",Active,NEWPORT,293 J.T. CONNELL HWY ,RI,2840,0,NEWPORT,11-May-07,11-May-07
RI-S-15001,SONS OF LIBERTY SPIRITS COMPANY,Active,S KINGSTOWN,1425 KINGSTOWN RD ,RI,2879,2449,WASHINGTON,23-Dec-10,23-Dec-10
SC-S-15000,TERRESSENTIA CORPORATION,Active,NORTH CHARLESTON,4100 CAROLINA COMMERCE PKWY ,SC,29456,0,BERKELEY,31-Jan-11,31-Jan-11
SC-S-15002,FIREFLY DISTILLERY LLC,Active,WADMALAW ISLAND,6775 BEARS BLUFF RD ,SC,29487,6812,CHARLESTON,18-Oct-07,18-Oct-07
SC-S-15003,TIGER JUICE LLC,Active,HARTSVILLE,1438 CEDAR CREEK RD ,SC,29550,1271,DARLINGTON,6-Aug-09,6-Aug-09
SC-S-15005,"SOUTHERN ESTATES INVESTMENTS , LLC",Active,ANDERSON,200 W BENSON ST ,SC,29624,0,ANDERSON,23-Sep-11,23-Sep-11
SC-S-15006,"SIX AND TWENTY DISTILLERY, LLC",Active,PIEDMONT,3109 HIGHWAY 153 ,SC,29642,7722,PICKENS,3-Jul-12,3-Jul-12
SC-S-20001,JOHN F. CONNELLY,Active,TRAVELERS REST,14  S MAIN ST ,SC,29690,1810,Greenville,9-Oct-12,9-Oct-12
SC-S-20002,"ROCK BOTTOM DISTILLERS, LLC",Active,SPARTANBURG,201  SHA LN ,SC,29303,0,Cherokee,29-Oct-12,29-Oct-12
SD-S-15000,"DAKOTA SPIRITS DISTILLERY, LLC",Active,PIERRE,3601 AIRPORT RD ,SD,57501,5603,HUGHES,30-Oct-09,30-Dec-09
SD-S-15001,"STILL 173, LLC",Active,VERMILLION,31303  464TH AVE ,SD,57069,6702,CLAY,17-Aug-07,17-Aug-07
SD-S-20001,"BLACK HILLS DAKOTA DISTILLERY, LLC",Active,STURGIS,8320  N BLUCKSBERG MTN. RD ,SD,57785,2811,Meade,27-Aug-12,27-Aug-12
TN-S-10,BROWN-FORMAN CORPORATION,Active,LYNCHBURG,280  LYNCHBURG  HWY ,TN,37352,5271,MOORE,22-Sep-87,22-Sep-87
TN-S-11,"JACK DANIEL DISTILLERY, LEM MOTLOW, PROP., INC.",Active,LYNCHBURG,280  LYNCHBURG  HWY ,TN,37352,0,MOORE,19-Nov-98,19-Nov-98
TN-S-12,"PRICHARDS' DISTILLERY, INC.",Active,KELSO,11 KELSO SMITHLAND RD ,TN,37348,6112,LINCOLN,11-Dec-00,14-Dec-00
TN-S-15000,"CHISM HARDY ENTERPRISES, LLC",Active,MEMPHIS,5151 E RAINES RD ,TN,38118,0,SHELBY,23-May-07,23-May-07
TN-S-15003,"DIAGEO AMERICAS SUPPLY, INC.",Active,TULLAHOMA,1950 CASCADE HOLLOW RD ,TN,37388,0,COFFEE,1-Jul-08,1-Jul-08
TN-S-15005,CORSAIR ARTISAN LLC,Active,NASHVILLE,1200 CLINTON ST ,TN,37203,2894,DAVIDSON,10-Mar-10,10-Mar-10
TN-S-15007,GOLDEN RULE DISTILLING COMPANY,Active,WOODBURY,119 MOUNTAIN SPIRITS LN ,TN,37190,0,CANNON,26-Aug-11,26-Aug-11
TN-S-15008,"BLUES CITY BREWERY, LLC",Active,MEMPHIS,5151 E RAINES RD ,TN,38118,7026,SHELBY,15-Aug-11,15-Aug-11
TN-S-15010,"SPEAKEASY SPIRITS, LLC",Active,NASHVILLE,900 44TH  AVE N,TN,37209,2201,DAVIDSON,6-Feb-12,6-Feb-12
TN-S-20001,"RMRH ENTERPRISES, LLC",Active,PINEY FLATS,220  PINEY FLATS RD ,TN,37686,0,United States,8-May-12,8-May-12
TN-S-20003,TENN SOUTH DISTILLERY LLC,Active,LYNNVILLE,1800  ABERNATHY RD ,TN,38472,5006,Giles,15-Oct-12,15-Oct-12
TX-S-1,"FIFTH GENERATION, INC.",Active,AUSTIN,12101 MOORE RD ,TX,78719,9769,TRAVIS,8-Apr-97,8-Apr-97
TX-S-15001,"ARCTIC SPIRITS, INC.",Active,SPICEWOOD,5004 BEE CREEK RD ,TX,78669,0,TRAVIS,15-Feb-06,15-Feb-06
TX-S-15005,"RAILEAN DISTILLERS & IMPORTERS, LLC",Active,SAN LEON,341 5TH ST ,TX,77539,0,GALVESTON,25-May-07,25-May-07
TX-S-15012,"BUZZBALLZ, LLC",Active,CARROLLTON,2114 MCDANIEL  DR ,TX,75006,0,DALLAS,12-Feb-10,12-Feb-10
TX-S-15013,"SOUTH CONGRESS DISTILLERY, LLC",Active,MANOR,16525 DECKER CREEK DR ,TX,78653,5009,TRAVIS,8-Apr-10,8-Apr-10
TX-S-15014,"SPIRIT OF TEXAS, LLC",Active,PFLUGERVILLE,1715 DALSHANK ST ,TX,78660,6543,TRAVIS,17-Mar-10,17-Mar-10
TX-S-15015,D.E.W. DISTILLATION LLC,Active,WIMBERLEY,1400 JACOB'S WELL RD ,TX,78676,2608,HAYS,24-May-10,24-May-10
TX-S-15016,"REBECCA CREEK DISTILLERY, LLC",Active,SAN ANTONIO,26605 BULVERDE RD ,TX,78260,2109,BEXAR,28-Apr-10,28-Apr-10
TX-S-15017,"RANGER CREEK BREWING & DISTILLING, LLC",Active,SAN ANTONIO,4834 WHIRLWIND DR ,TX,78217,3715,BEXAR,2-Aug-10,2-Aug-10
TX-S-15019,"LIMITED SPIRITS, LLC",Active,BROOKSHIRE,1207 KENNEY ST ,TX,77423,0,WALLER,5-Nov-10,5-Nov-10
TX-S-15020,"AZAR DISTILLING, LLC",Active,SAN ANTONIO,8501 COVER RD ,TX,78263,0,BEXAR,13-Sep-10,13-Sep-10
TX-S-15021,JELATINI LLC,Active,LEWISVILLE,1590 E HIGHWAY 121 ,TX,75056,4815,DENTON,21-Oct-10,21-Oct-10
TX-S-15022,BONE SPIRITS LLC,Active,SMITHVILLE,802 NE 1ST ST ,TX,78957,1944,BASTROP,27-Jan-11,27-Jan-11
TX-S-15023,"FIRESTONE & ROBERTSON DISTILLING COMPANY, LLC",Active,FORT WORTH,901 W VICKERY BLVD ,TX,76104,1145,TARRANT,23-Aug-11,23-Aug-11
TX-S-15024,"YELLOW ROSE DISTILLING, LLC",Active,HOUSTON,1224 N POST OAK RD ,TX,77055,0,HARRIS,21-Aug-12,21-Aug-12
TX-S-15026,THE ORIGINAL TEXAS LEGEND DISTILLERY LLC,Active,ORANGE,1501 SIMMONS DR ,TX,77630,4162,ORANGE,8-Feb-12,8-Feb-12
TX-S-15027,TODDY INC.,Active,KATY,20120 FRANZ RD ,TX,77449,3372,HARRIS,27-Jan-12,27-Jan-12
TX-S-15028,"SPINK DISTILLING, LLC",Active,SAN ANTONIO,315 W 8TH ST ,TX,78215,0,BEXAR,18-Nov-11,18-Nov-11
TX-S-20001,BARMAC LLC,Active,GREENVILLE,8916 WESLEY ST ,TX,75402,3836,Hunt,15-Feb-12,15-Feb-12
TX-S-20002,"POWDERFINGER SPIRITS, LLC",Active,BUDA,4568  DACY LN ,TX,78610,5902,Hays,17-Apr-12,17-Apr-12
TX-S-20003,"HIDEOUS, L.C.",Active,LOCKHART,5276  BARTH RD ,TX,78644,2259,Caldwell,29-May-12,29-May-12
TX-S-20004,"GENIUS LIQUIDS, LLC",Active,AUSTIN,4202  SANTIAGO ST ,TX,78745,0,,27-Jun-12,27-Jun-12
TX-S-20005,DALLAS DISTILLERIES INCORPORATED,Active,GARLAND,803  SHEPHERD DR ,TX,75042,0,Dallas,27-Aug-12,27-Aug-12
TX-S-20006,"FIVE POINTS DISTILLING, LLC.",Active,FORNEY,8575  UNION HILL RD ,TX,75126,8236,Kaufman,4-Sep-12,4-Sep-12
TX-S-20007,JUS-MADE LP,Active,DALLAS,9761  CLIFFORD DR ,TX,75220,5334,Dallas,4-Sep-12,4-Sep-12
TX-S-20008,"WHITMEYER'S DISTILLING CO., LLC",Active,HOUSTON,16721 HOLLISTER ST ,TX,77066,1318,HARRIS,6-Sep-12,6-Sep-12
TX-S-20010,LOBLOLLY SPIRITS LLC,Active,RED ROCK,114  FEALY RD ,TX,78662,4613,bastrop,5-Oct-12,5-Oct-12
TX-S-20011,"BANNER DISTILLING CO., LLC",Active,MANOR,13201  JACOBSON RD ,TX,78653,3738,Travis,26-Oct-12,26-Oct-12
TX-S-20012,"SWIFT DISTILLERY, LLC",Active,DRIPPING SPRINGS,5258  BELL SPRINGS RD ,TX,78620,3633,,6-Nov-12,6-Nov-12
TX-S-20013,"KIEPERSOL ENTERPRISES, INC.",Active,TYLER,4120  FM 344 E,TX,75703,0,,13-Nov-12,13-Nov-12
TX-S-20014,"BJ HOOKER'S DISTILLERIES, L.L.C.",Active,HOUSTON,1300  E RICHEY RD ,TX,77073,3505,Harris,20-Nov-12,20-Nov-12
TX-S-20015,DORCOL DISTILLING COMPANY,Active,SAN ANTONIO,1902  S FLORES ST ,TX,78204,0,BEXAR,30-Nov-12,30-Nov-12
TX-S-20016,"FRANKIE LEE FINDLAY, JR.",Active,ROUND ROCK,3578  ROCKIN J RD ,TX,78665,3969,Williamson,18-Dec-12,18-Dec-12
UT-S-15001,"HIGH WEST DISTILLERY, LLC",Active,WANSHIP,27649 OLD LINCOLN HWY ,UT,84017,0,SUMMIT,13-Nov-07,13-Nov-07
UT-S-15002,"OGDEN'S OWN DISTILLERY, LLC",Active,OGDEN,3075 GRANT  AVE ,UT,84401,0,WEBER,12-Nov-08,12-Nov-08
UT-S-15003,"HIGH WEST DISTILLERY, LLC",Active,PARK CITY,703 PARK AVE ,UT,84060,0,SUMMIT,23-Oct-09,23-Oct-09
VA-S-15002,"COPPER FOX DISTILLERY ENTERPRISES, L.L.C.",Active,SPERRYVILLE,9 RIVER LN ,VA,22740,2147,RAPPAHANNOCK,17-Nov-05,17-Nov-05
VA-S-15003,CHESAPEAKE BAY DISTILLERY LLC,Active,VIRGINIA BEACH,437 VIRGINIA BEACH BLVD ,VA,23451,3442,VIRGINIA BEACH CITY,5-Dec-06,5-Dec-06
VA-S-15010,THE HOMEPLACE DISTILLERY LLC,Active,RIDGEWAY,10 FALL CREEK ROAD ,VA,24148,3190,HENRY,10-Sep-09,10-Sep-09
VA-S-15011,"RESERVOIR DISTILLERY, LLC",Active,RICHMOND,1800 SUMMIT AVE ,VA,23230,4314,HENRICO,28-Dec-09,28-Dec-09
VA-S-15014,T.F. O'NEILL DISTILLERY L.L.C.,Active,WINCHESTER,240 LENOIR DR ,VA,22603,4607,FREDERICK,4-Jan-11,4-Jan-11
VA-S-15015,LAIRD & COMPANY,Active,NORTH GARDEN,3638 LAIRD LN ,VA,22959,0,ALBEMARLE,18-Nov-10,18-Nov-10
VA-S-15016,"VINUM, LLC",Active,CHARLOTTESVILLE,5134 VIEWMONT WEST DR ,VA,22902,7811,CHARLOTTESVILLE CITY,17-Sep-12,17-Sep-12
VA-S-15017,"PLAINS MARKETING, L. P., PLAINS GP LLC",Active,YORKTOWN,2201 GOODWIN NECK RD ,VA,23692,0,YORK,1-Oct-12,1-Oct-12
VA-S-1797,THE MOUNT VERNON LADIES ASSOC. OF THE UNION,Active,MOUNT VERNON,5514 MOUNT VERNON MEMORIAL  HWY ,VA,22121,0,FAIRFAX,15-May-01,15-May-01
VA-S-20001,COMMONWEALTH SPIRITS LLC,Active,ASHBURN,21730  RED RUM DR ,VA,20147,5871,,14-Feb-12,14-Feb-12
VA-S-20002,"THE VIRGINIA DISTILLERY COMPANY, LLC",Active,LOVINGSTON,299  EADES LN ,VA,22949,0,Nelson,16-Aug-12,16-Aug-12
VA-S-20004,"LEGACY ARTISAN DISTILLERS, INC",Active,VIRGILINA,1141  7TH STREET ,VA,24598,3353,Halifax,4-Sep-12,4-Sep-12
VA-S-20005,"WOODS MILL DISTILLERY, LLC",Active,FABER,1625  RIVER RD ,VA,22938,2431,Nelson,28-Nov-12,28-Nov-12
VA-S-589,"BELMONT FARMS OF VIRGINIA, INC.",Active,CULPEPER,13490 CEDAR RUN RD ,VA,22701,7715,CULPEPER,4-Aug-88,4-Aug-88
VT-S-13,VERMONT SPIRITS DISTILLING COMPANY,Active,QUECHEE,5573 WOODSTOCK RD ,VT,5059,0,WINDSOR,28-May-10,28-May-10
VT-S-14,FLAG HILL FARM INC.,Active,VERSHIRE,135 EWING RD ,VT,5079,0,ORANGE,14-May-02,14-May-02
VT-S-15,"GREEN MOUNTAIN DISTILLERS, LLC",Active,STOWE,192 THOMAS LN ,VT,5672,4344,LAMOILLE,29-Nov-03,29-Nov-03
VT-S-15000,"SAXTONS RIVER DISTILLERY, LLC",Active,BRATTLEBORO,485 WEST RIVER RD ,VT,5301,0,WINDHAM,24-Apr-07,24-Apr-07
VT-S-15001,SHELBURNE ORCHARDS COMPANY,Active,SHELBURNE,216 ORCHARD RD ,VT,5482,6303,CHITTENDEN,13-Aug-09,13-Aug-09
VT-S-15002,"SMUGGLERS' NOTCH DISTILLERY, LLC",Active,JEFFERSONVLLE,276 VT RT 108 ,VT,5464,0,LAMOILLE,16-Jun-10,16-Jun-10
VT-S-15003,"DUNCAN'S IDEA MILL, LLC",Active,ST JOHNSBURY,622 KEYSER HILL RD ,VT,5819,8532,CALEDONIA,25-Mar-10,25-Mar-10
VT-S-15004,"CALEDONIA SPIRITS, INC.",Active,HARDWICK,46 LOG YARD  RD ,VT,5843,0,CALEDONIA,19-Apr-10,19-Apr-10
VT-S-15005,BOYDEN VALLEY WINERY LLC,Active,CAMBRIDGE,64 VERMONT ROUTE 104 ,VT,5444,9811,CHITTENDEN,20-Jul-10,20-Jul-10
VT-S-15006,"GOAMERICAGO BEVERAGES, LLC",Active,SHOREHAM,2139 QUIET VALLEY RD ,VT,5770,0,ADDISON,4-Jun-10,4-Jun-10
VT-S-15007,"VERMONT DISTILLERS, INC.",Active,MARLBORO,7755 VERMONT ROUTE 9 ,VT,5344,0,WINDHAM,27-May-10,27-May-10
VT-S-15009,ELM BROOK FARM LLC,Active,EAST FAIRFIELD,250 ELM BROOK RD ,VT,5448,4929,FRANKLIN,13-Apr-11,13-Apr-11
VT-S-15010,"HILLIS' SUGARBUSH FARM AND VINEYARD, LLC",Active,COLCHESTER,206 SUGARBUSH FARM RD ,VT,5446,7518,CHITTENDEN,3-Jul-12,3-Jul-12
VT-S-20001,AMERICAN CRAFTED SPIRITS INCORPORATED,Active,WINDSOR,3  ARTISANS WAY ,VT,5089,0,Windsor,26-Dec-12,26-Dec-12
WA-S-15000,"MOUNTAIN DOME WINERY, INC",Active,SPOKANE,16315 E TEMPLE RD ,WA,99217,9233,SPOKANE,29-Jul-08,29-Jul-08
WA-S-15005,STE. MICHELLE WINE ESTATES LTD.,Active,WOODINVILLE,14111 NE 145TH ST ,WA,98072,0,KING,3-Apr-07,3-Apr-07
WA-S-15008,STE. MICHELLE WINE ESTATES LTD.,Active,PATERSON,HWY 221   COLUMBIA CREST DR. ONE MILE NORTH OF PATERSON ,WA,99345,0,BENTON,18-Jun-07,18-Jun-07
WA-S-15009,STE. MICHELLE WINE ESTATES LTD.,Active,PATERSON,"STATE ROUTE 14, 10 MILES WEST OF PATERSON P.O. ",WA,99345,0,BENTON,26-Jul-07,26-Jul-07
WA-S-15010,DRY FLY DISTILLING INC,Active,SPOKANE,1003 E TRENT AVE ,WA,99202,2181,SPOKANE,8-Sep-07,8-Sep-07
WA-S-15013,STE. MICHELLE WINE ESTATES LTD.,Active,WALLA WALLA,1736 JB GEORGE RD ,WA,99362,7132,WALLA WALLA,30-Jan-08,30-Jan-08
WA-S-15014,STE. MICHELLE WINE ESTATES LTD.,Active,WALLA WALLA,1663 CORKRUM  RD ,WA,99362,0,WALLA WALLA,17-Jan-08,17-Jan-08
WA-S-15015,"COL SOLARE, LLP",Active,BENTON CITY,50207 ANTINORI RD ,WA,99320,7872,BENTON,11-Mar-08,11-Mar-08
WA-S-15016,PACIFIC DISTILLERY LLC,Active,WOODINVILLE,18808  142ND AVE ,WA,98072,8281,KING,26-Aug-08,26-Aug-08
WA-S-15018,"SOFT TAIL SPIRITS, LLC",Active,WOODINVILLE,12280 NE WOODINVILLE DR ,WA,98072,0,KING,21-Oct-08,22-Oct-08
WA-S-15019,CHALLENGER RIDGE LLC,Active,CONCRETE,43095 CHALLENGER RD ,WA,98237,9416,SKAGIT,25-Mar-09,25-Mar-09
WA-S-15022,MT ST HELENS SPIRITS LLC,Active,AMBOY,39704 NE 216TH AVE ,WA,98601,0,CLARK,15-Jan-09,15-Jan-09
WA-S-15025,"FREE RANGE DISTILLING COMPANY, LTD.",Active,BAINBRIDGE ISLAND,"9727 COPPERTOP LOOP NE, ",WA,98110,0,KITSAP,12-Feb-09,12-Feb-09
WA-S-15026,GERALD D. BOWMAN,Active,MOSES LAKE,1120 W MARINA DR ,WA,98837,2682,GRANT,23-Apr-09,23-Apr-09
WA-S-15028,VIN CO.,Active,SEATTLE,198 NICKERSON  ST ,WA,98109,1689,KING,27-Jul-09,27-Jul-09
WA-S-15031,IT'S 5 LLC,Active,CASHMERE,101 MAPLE ST ,WA,98815,0,CHELAN,23-Nov-09,23-Nov-09
WA-S-15034,"RIVER TOWN DISTILLERS, LLC",Active,SNOHOMISH,12525 OLD SNOHOMISH-MONROE RD ,WA,98290,0,SNOHOMISH,9-Jun-10,9-Jun-10
WA-S-15035,STONE DISTILLERY LLC,Active,SEATTLE,1138 W EWING ST ,WA,98119,0,KING,29-Jan-10,29-Jan-10
WA-S-15036,"WALLA WALLA DISTILLING COMPANY, LLC",Active,WALLA WALLA,1105 C ST ,WA,99362,0,WALLA WALLA,11-Dec-09,11-Dec-09
WA-S-15037,"FOUR LAKES CHELAN, LLC",Active,CHELAN,223 HOWARD FLATS RD ,WA,98816,0,CHELAN,28-May-10,28-May-10
WA-S-15039,"FREE SPIRITS DISTILLING, LTD.",Active,CHEHALIS,553 N MARKET BLVD ,WA,98532,2109,LEWIS,11-Dec-09,11-Dec-09
WA-S-15040,"PACIFIC RIM WINEMAKERS, INC.",Active,RICHLAND,8111 KEENE RD ,WA,99353,7202,BENTON,5-Apr-10,5-Apr-10
WA-S-15041,"ROCKRIDGE ENTERPRISES, L.L.C.",Active,ENUMCLAW,41127 212TH AVE SE,WA,98022,9178,KING,2-Mar-10,2-Mar-10
WA-S-15042,SECOND CHANCE SPIRITS INCORPORATED,Active,PROSSER,2880 LEE RD ,WA,99350,9506,BENTON,2-Apr-10,2-Apr-10
WA-S-15043,"BLUE DOG, LLC",Active,KENT,27010 78TH AVE S,WA,98032,0,KING,18-Jun-10,18-Jun-10
WA-S-15045,"WOODINVILLE WHISKEY COMPANY, LLC",Active,WOODINVILLE,14509 WOODINVILLE REDMOND RD NE,WA,98072,0,KING,15-Apr-10,15-Apr-10
WA-S-15049,BLACK SAM INC,Active,MONTESANO,430 S 1ST ,WA,98563,0,GRAYS HARBOR,12-Jul-10,12-Jul-10
WA-S-15050,FREMONT MISCHIEF INC.,Active,SEATTLE,132 N CANAL ST ,WA,98103,8617,KING,9-Aug-10,9-Aug-10
WA-S-15051,WHIDBEY ISLAND DISTILLERIES LLC,Active,LANGLEY,3466 CRAW RD ,WA,98260,0,ISLAND,25-Aug-10,25-Aug-10
WA-S-15052,"WYSOCKI SPIRITS, LLC",Active,BATTLE GROUND,1315 SE GRACE AVE ,WA,98604,8487,CLARK,25-Jul-11,25-Jul-11
WA-S-15054,"WISHKAH RIVER DISTILLERY, LLC",Active,ABERDEEN,2210 PORT INDUSTRIAL RD ,WA,98520,4558,GRAYS HARBOR,16-Nov-12,16-Nov-12
WA-S-15055,GOLDEN NORTHWEST DISTILLERY,Active,BOW,9746  SAMISH ISLAND  RD ,WA,98232,9348,SKAGIT,24-Jan-11,24-Jan-11
WA-S-15057,J.P. TRODDEN DISTILLING L.L.C.,Active,WOODINVILLE,18646 142ND AVE NE,WA,98072,0,KING,5-Nov-10,5-Nov-10
WA-S-15058,"OOLA INDUSTRIES, LLC",Active,SEATTLE,1314 E UNION ST ,WA,98122,4144,KING,3-Feb-11,3-Feb-11
WA-S-15059,"GINKGO FOREST WINERY, LLC",Active,MATTAWA,22561 ROAD T 7 SW,WA,99349,0,GRANT,12-Nov-10,12-Nov-10
WA-S-15060,"SAN JUAN ISLAND DISTILLERY, LLC",Active,FRIDAY HARBOR,12 ANDERSON LN ,WA,98250,9183,SAN JUAN,13-Jan-11,13-Jan-11
WA-S-15062,KAYAK SPIRITS DISTILLERY LLC,Active,FREELAND,5490 CAMERON RD ,WA,98249,0,ISLAND,27-Jan-11,27-Jan-11
WA-S-15064,WESTLAND DISTILLERY LLC,Active,SEATTLE,9320 15TH AVE S,WA,98108,0,KING,14-Feb-11,14-Feb-11
WA-S-15065,"SOFT TAIL SPIRITS, LLC",Active,REDMOND,14356 REDMOND WOODINVILLE  RD ,WA,98052,2006,KING,4-Feb-11,4-Feb-11
WA-S-15067,HUTCH HANDMADE SPIRITS INC.,Active,SEATTLE,2320 E CHERRY ,WA,98122,4830,KING,23-Sep-11,23-Sep-11
WA-S-15068,"KOEHLER ENTERPRISES, INC.",Active,LONGVIEW,160 WHITEWATER RD ,WA,98632,8197,COWLITZ,14-Nov-11,14-Nov-11
WA-S-15070,CARBON GLACIER DISTILLERY LLC,Active,WILKESON,533 CHURCH ST ,WA,98396,0,PIERCE,23-Sep-11,23-Sep-11
WA-S-15071,"CHEHALIS BREWING GROUP, LLC",Active,OLY,222 CAPITAL  WAY N,WA,98501,0,THURSTON,23-Nov-11,23-Nov-11
WA-S-15072,"BATCH 206 DISTILLERY, LLC",Active,SEATTLE,1417 ELLIOTT AVE W,WA,98119,3104,KING,6-Jan-12,6-Jan-12
WA-S-15073,"BLACK LABEL SPIRITS, LLC",Active,SEATTLE,4660 E MARGINAL WAY S,WA,98134,0,KING,25-Oct-11,25-Oct-11
WA-S-15074,"DRY COUNTY DISTILLERY, LLC",Active,MARYSVILLE,1326 6TH ST ,WA,98270,4515,SNOHOMISH,30-Sep-11,30-Sep-11
WA-S-15077,THE HARDWARE DISTILLERY CO.,Active,HOODSPORT,24210 N HWY 101 ,WA,98548,9456,MASON,19-Apr-12,19-Apr-12
WA-S-15080,"OD BEVERAGE CO., LLC",Active,TACOMA,1830 112TH ST E,WA,98445,3747,PIERCE,18-Jan-12,18-Jan-12
WA-S-15082,"LACHSELIAN WINE & SPIRITS, LLLP, LACHSELIAN LLC, GP",Active,SEATTLE,1712 1ST AVE S,WA,98134,0,KING,1-Feb-12,1-Feb-12
WA-S-15084,"CENTER VALLEY ORCHARDS, LLC",Active,CHIMACUM,142 BARN SWALLOW RD ,WA,98325,7720,JEFFERSON,10-Aug-12,10-Aug-12
WA-S-20001,DAWSON-ALLEY LLC,Active,SNOHOMISH,1830 BICKFORD AVE ,WA,98290,1751,Snohomish,15-Feb-12,15-Feb-12
WA-S-20002,STILL SHINE LLC,Active,REDMOND,"5703  208TH AVE, NE ",WA,98053,0,,7-Mar-12,7-Mar-12
WA-S-20003,PARLIAMENT DISTILLERY LLC,Active,SUMNER,14209  29TH ST E,WA,98391,9226,Pierce,15-Mar-12,15-Mar-12
WA-S-20004,"HERITAGE DISTILLING COMPANY, INC.",Active,GIG HARBOR,3207  57TH CT NW,WA,98335,7586,,20-Mar-12,20-Mar-12
WA-S-20005,BLUE SPIRITS DISTILLING LLC,Active,CHELAN,324  MINNEAPOLIS BEACH RD ,WA,98816,0,USA,4-Apr-12,4-Apr-12
WA-S-20006,GRIZZLY PIKE LLC,Active,SEATTLE,5840  AIRPORT WAY S,WA,98108,2751,KING,10-May-12,10-May-12
WA-S-20007,SEATTLE DISTILLING COMPANY,Active,VASHON,19429  VASHON HWY SW,WA,98070,0,King,10-May-12,10-May-12
WA-S-20008,"BELLEWOOD ACRES, INC",Active,LYNDEN,6140  GUIDE MERIDIAN DR ,WA,98264,9634,Whatcom,30-May-12,30-May-12
WA-S-20009,AQUAVITAE LLC,Active,EVERETT,5626  EVERGREEN WAY ,WA,98203,3628,USA,7-Jun-12,7-Jun-12
WA-S-20010,DECEPTION DISTILLING LLC,Active,ANACORTES,9946  PADILLA HEIGHTS RD ,WA,98221,8695,,8-Jun-12,8-Jun-12
WA-S-20011,"CHUCKANUT BAY DISTILLERY, INC.",Active,BELLINGHAM,1115  RAILROAD AVE ,WA,98225,5007,Whatcom,26-Jun-12,26-Jun-12
WA-S-20012,"LETTERPRESS DISTILLING, LLC",Active,SEATTLE,85  S ATLANTIC ST ,WA,98134,1220,King,27-Jun-12,27-Jun-12
WA-S-20013,BLUEWATER DISTILLING LLC,Active,EVERETT,1205  CRAFTSMAN WAY ,WA,98201,1593,Snohomish,10-Jul-12,10-Jul-12
WA-S-20014,VANCOUVER DISTILLERY WORKS LLC,Active,VANCOUVER,12401  NE 60TH WAY ,WA,98682,5972,Clark,10-Jul-12,10-Jul-12
WA-S-20015,"2 BAR, LLC",Active,SEATTLE,"2960  4TH AVE., S. ",WA,98134,0,King,16-Jul-12,16-Jul-12
WA-S-20016,"WAHLUKE WINE COMPANY, INC.",Active,MATTAWA,"23934  T.1 RD., SW ",WA,99349,0,GRANT,20-Jul-12,20-Jul-12
WA-S-20017,"KARMA VENTURES, LLC",Active,ENTIAT,14771  SHAMEL ST ,WA,98822,0,Chelan,30-Jul-12,30-Jul-12
WA-S-20018,WESTLAND DISTILLERY LLC,Active,HOQUIAM,309  S ADAMS ST ,WA,98550,3530,Grays Harbor,17-Aug-12,17-Aug-12
WA-S-20020,"BROVO SPIRITS, LLC",Active,WOODINVILLE,18808  NE 142ND AVE ,WA,98072,0,King,20-Aug-12,20-Aug-12
WA-S-20021,PORT STEILACOOM DISTILLERY LLC,Active,STEILACOOM,1601  LAFAYETTE ST ,WA,98388,1325,,30-Aug-12,30-Aug-12
WA-S-20022,KEVIN WILLIAM MILFORD,Active,YAKIMA,12402  OCCIDENTAL RD ,WA,98903,9202,Yakima,28-Sep-12,28-Sep-12
WA-S-20023,"WOODINVILLE WHISKEY COMPANY, LLC",Active,QUINCY,8472  S RD NW,WA,98848,0,Grant,23-Oct-12,23-Oct-12
WA-S-20024,"PHILLIPPI FRUIT CO., INC.",Active,WENATCHEE,1921  FIFTH ST ,WA,98801,1356,Chelan,29-Oct-12,29-Oct-12
WA-S-20025,"VALLEY SHINE DISTILLERY, LLC",Active,MOUNT VERNON,320  S 1ST STREET ,WA,98273,0,Skagit,30-Nov-12,30-Nov-12
WI-S-15000,"AEPPELTREOW, INC.",Active,BURLINGTON,1072 288TH AVE ,WI,53105,9304,RACINE,12-Dec-05,12-Dec-05
WI-S-15001,"GREAT LAKES DISTILLERY, LLC",Active,MILWAUKEE,616 W VIRGINIA ST ,WI,53204,0,MILWAUKEE,28-Apr-06,28-Apr-06
WI-S-15004,"45TH PARALLEL SPIRITS, LLC",Active,NEW RICHMOND,1570 MADISON AVE ,WI,54017,0,SAINT CROIX,23-Mar-07,23-Mar-07
WI-S-15005,"YAHARA BAY DISTILLERS, INC.",Active,FITCHBURG,6250 NESBITT RD ,WI,53719,0,DANE,27-Sep-07,27-Sep-07
WI-S-15007,MIDWEST CUSTOM BOTTLING LLC,Active,PEWAUKEE,N27 W23921 PAUL RD ,WI,53072,6234,WAUKESHA,7-Jan-10,7-Jan-10
WI-S-15010,"CITY BREWING COMPANY, LLC",Active,LA CROSSE,1106 S 3RD ST ,WI,54601,4471,LA CROSSE,10-Aug-09,10-Aug-09
WI-S-15011,"OLD SUGAR DISTILLERY, LLC",Active,MADISON,931 E MAIN ST ,WI,53703,0,DANE,19-Aug-09,19-Aug-09
WI-S-15012,"WOLLERSHEIM WINERY, INC.",Active,PRAIRIE DU SAC,7876 HIGHWAY 188 ,WI,53578,0,SAUK,31-Aug-10,31-Aug-10
WI-S-15017,THE NORTH WOODS DISTILLERY LLC,Active,COLEMAN,135 W MAIN ST ,WI,54112,0,MARINETTE,30-Dec-10,30-Dec-10
WI-S-15018,C & N CORPORATION,Active,STURGEON BAY,5806 HIGHWAY 42 ,WI,54235,0,DOOR,27-May-11,27-May-11
WI-S-15019,GLOBAL UNIVERSAL SRL,Active,MONROE,1302 14TH AVE ,WI,53566,0,GREEN,18-Jul-11,18-Jul-11
WI-S-15020,CLOVER MEADOW LLC,Active,SHELL LAKE,23396 THOMPSON RD ,WI,54871,9169,WASHBURN,14-Oct-11,14-Oct-11
WI-S-15021,"VAN DRASTIC, LLC",Active,CEDAR GROVE,N1066 SAUK TRAIL RD ,WI,53013,1268,SHEBOYGAN,19-Nov-12,19-Nov-12
WI-S-18,GALLOWAY COMPANY,Active,NEENAH,601 S COMMERCIAL ST ,WI,54956,3380,WINNEBAGO,12-Aug-98,12-Aug-98
WI-S-20001,"INFINITY BEVERAGES, LLC",Active,EAU CLAIRE,3460  MALL DR ,WI,54701,0,,6-Jan-12,6-Jan-12
WI-S-20002,ARTY'S INC. PARTNERSHIP,Active,CLINTONVILLE,18  6TH ST ,WI,54929,0,,30-Jan-12,30-Jan-12
WI-S-20003,"DEATH'S DOOR DISTILLERY, LLC.",Active,MIDDLETON,2220 EAGLE DR ,WI,53562,2552,DANE,16-Feb-12,16-Feb-12
WI-S-20004,HENDRICKS FAMILY DISTILLERY LLC,Active,OMRO,3570  N COUNTY ROAD K ,WI,54963,9759,Winnebago,14-Aug-12,14-Aug-12
WV-S-15000,JERRY N. DEAL,Active,MORGANTOWN,2811 STEWARTSTOWN RD ,WV,26508,1404,MONONGALIA,27-Jun-06,27-Jun-06
WV-S-15001,HESTON FARM LLC,Active,FAIRMONT,1602 TULIP LN ,WV,26554,9488,MARION,19-Jan-10,19-Jan-10
WV-S-15002,SMOOTH AMBLER SPIRITS CO.,Active,MAXWELTON,745 INDUSTRIAL PARK RD ,WV,24957,0,GREENBRIER,21-Apr-10,2-May-11
WV-S-15003,"BLOOMERY PLANTATION DISTILLERY, LLC",Active,CHARLES TOWN,16357 CHARLES TOWN RD ,WV,25414,5489,JEFFERSON,8-Jul-11,8-Jul-11
WV-S-15004,"HIPSLIPSFINGERTIPS, LTD.",Active,SOUTH CHARLESTON,4524 MACCORKLE AVE ,WV,25309,1409,KANAWHA,26-Nov-12,26-Nov-12
WV-S-2,"KIRKWOOD, LTD.",Active,SUMMERSVILLE,45 WINERY LANE ,WV,26651,5095,NICHOLAS,5-May-10,5-May-10
WY-S-15000,KOLTS FINE SPIRITS LLLP,Active,SHERIDAN,644 CROOK ST ,WY,82801,0,SHERIDAN,27-Oct-04,27-Oct-04
WY-S-15003,WASHUT'S BREW HOUSE L.L.C.,Active,SHERIDAN,1224 WESTVIEW DR ,WY,82801,4516,SHERIDAN,7-Nov-08,7-Nov-08
WY-S-15004,"WYOMING WHISKEY, INC.",Active,KIRBY,100 S NELSON ,WY,82430,0,HOT SPRINGS,19-Jun-09,19-Jun-09
WY-S-20001,"RANGE & RIVER DISTILLING, INC.",Active,CODY,63 SAGE CREEK RD ,WY,82414,9672,Park,3-Feb-12,3-Feb-12